,Country Name,Country Code,Population,Working Age Population Percent,Urban Population Percent,Rural Population Percent,Life Expectancy Years,Refugees by Origin,Refugees by Destination,Land Area Sq km,Forest Area Sq km,Agricultural Land Percent,Arable Land Percent,CO2 Tonnes per Capita,Low Elevation Percent,Water Percent,Irrigation Percent,Fertilizer Intensity,GDP per Capita PPP,Gini Index,Agriculture Percent GDP,Industry Percent GDP,Military Percent GDP,Energy MM BTU per Capita,Renewable Percent,Attended Births Percent,Contraceptive Percent,Diabetes Percent,HIV Prevalence Percent,Immunized DPT Percent,Immunized Measles Percent,Mortality Communicable Percent,Mortality Infant per 1K,Mortality Injury Percent,Mortality Maternal per 100K,Mortality Non-Communicable Deaths Percent,Mortality Traffic per 100K,Surgeons per 100K,Teen Fertility per 1K,Tuberculosis per 100K,Undernourished Percent
0,Indonesia,IDN,275501339.0,67.9363485779646,57.934,42.066,67.57,11740.0,9785.0,1892555.47,48.3619448681206,34.1337419293713,13.8965543768183,2.07165896221472,8.8176611991208,11.0286322881062,,279.222690874525,14657.7823368915,37.9,12.3996592154305,41.4292959518952,0.702587599419717,34.899438093305655,66.089475456589,94.7,63.6,10.6,0.3,85.0,84.0,18.9256595520418,18.9,4.74791485029487,173.0,76.3264256879934,11.3,,33.929,385.0,5.9
1,Malaysia,MYS,33938221.0,69.8246179458756,78.214,21.786,74.884,1355.0,134554.0,328550.0,58.0243189773246,26.0873535230558,2.51407700502207,7.38371541222915,10.125909006039,1.15637931034483,5.15692451289231,2146.25378934625,33525.3012498421,41.2,8.92077642247193,39.0951548785408,0.957534540141842,116.21692850901168,96.6281988978081,99.6,52.2,19.0,0.3,97.0,96.0,18.138603074633,6.5,8.41842161031946,21.0,73.4429783304743,22.5,11.43,9.271,113.0,2.7
2,Chile,CHL,19603733.0,68.6502157522753,87.912,12.088,78.944,1335.0,2133.0,743532.0,24.6574727113292,14.2502770559976,1.76710619045313,4.39515106359663,0.958467364431253,3.99638418079096,8.58285899053535,359.052583910495,30208.8055307995,44.9,3.54438569480449,31.9695242133816,1.8339814713597,79.96770789699046,74.6472122625678,99.8,76.3,10.8,0.6,96.0,94.0,7.11162087300677,5.6,7.76325777813412,15.0,85.1251257357857,14.9,59.32,24.082,17.0,2.5
3,Bolivia,BOL,12224110.0,64.3225805396058,70.83,29.17,63.63,576.0,1116.0,1083300.0,46.7283054555525,35.1881908981815,4.49401569279055,1.53946469560316,0.0,0.687973640856672,0.788924341080608,10.3533069567965,9737.67606836986,40.9,12.4687256566478,26.2017588841709,1.48373193294262,30.261834834190054,84.1532899868775,81.1,66.5,5.5,0.3,69.0,69.0,18.622322153459,20.2,8.7017791007376,161.0,72.6759001252702,21.1,33.87,63.792,108.0,19.4
4,Peru,PER,34049588.0,65.5815150306442,78.708,21.292,72.377,3949.0,6543.0,1280000.0,56.373072890625,19.93413203125,3.35179375,1.39856601861908,0.661118653974335,2.34917733089579,,111.82419115138,15052.5031043298,40.2,7.83333476619927,34.0244762158584,1.15356717784348,31.062375441898816,79.5556835734868,95.7,77.4,4.8,0.4,82.0,74.0,17.5375809963723,11.0,9.87633625552741,69.0,72.5860849365678,13.6,42.88,56.756,151.0,7.0
5,Argentina,ARG,46234830.0,65.0283403864592,92.347,7.65300000000001,75.39,178.0,4094.0,2736690.0,10.4007639520735,43.1023461553921,15.4232886077707,3.4056175404138,1.02928663774484,12.9075342465753,1.19957474480252,62.1791909701625,26530.3231237638,42.0,6.63989827840203,24.1637048898657,0.411211298762518,80.49252979706803,87.7224074796892,98.8,70.1,5.4,0.4,81.0,83.0,17.5964944783087,6.1,5.70904330858032,45.0,76.6944625404959,14.1,50.05,39.065,29.0,3.2
6,Dhekelia,-99,,,,,,,,,,,,,,,,,,,,,,,,,,,,,,,,,,,,,,,
7,Cyprus,CYP,1251488.0,69.2418268326077,66.911,33.089,81.203,5.0,29280.0,9240.0,18.6699134199134,13.3262878787879,10.2983333333333,5.47199800894842,4.0447415899797,35.2564102564103,21.0403817333898,155.395737132264,51322.69921875,31.7,1.59167656694387,12.1094862656154,1.81479665162789,66.46693069044481,92.9062150260328,99.3,,8.6,0.1,96.0,86.0,4.7917246170997,2.3,5.3466254345444,68.0,89.8616486277654,5.8,84.42,6.827,8.3,2.5
8,India,IND,1417173173.0,67.7972461759962,35.872,64.128,67.24,20832.0,242835.0,2973190.0,24.3598290052099,60.0459264291889,51.9468812958472,1.57609323191648,1.88001213009684,44.7786998616874,42.2657783530901,193.245040717537,8400.3828483398,34.2,16.7308355142151,25.6556856497631,2.42522711696615,25.017112112189245,73.5769790878008,89.4,66.7,9.6,0.2,93.0,95.0,24.166184366593,25.5,9.9006121614115,103.0,65.9332019454579,15.6,6.82,17.234,199.0,16.6
9,China,CHN,1412175000.0,69.0310256609004,63.56,36.44,78.211,161234.0,320.0,9388210.0,23.631528267902,55.462649429444,11.5956076824016,7.75613790659769,4.87880231853816,20.2097479469587,,374.805087542026,21482.5621847397,37.1,7.29999943211008,39.9241121258135,1.59538074333145,88.20234478859592,87.6704307681854,99.9,84.5,10.6,,99.0,99.0,3.54971055780421,5.1,6.81721294175657,23.0,89.6330763010546,17.4,40.13,11.048,52.0,2.5
10,Israel,ISR,9557500.0,59.8859366281901,92.763,7.23699999999999,82.5,900.0,1207.0,21640.0,6.46950092421442,29.7365988909427,17.4214417744917,6.34521600416707,1.70248770424203,170.133333333333,31.2975912975913,265.379310344828,49754.7599085615,38.6,1.26100864987675,17.1721204881357,4.51139144256367,110.15109021002144,97.3821241260262,99.0,68.0,8.5,,98.0,99.0,10.3180117827835,2.7,4.23548509030735,3.0,85.4465034349679,3.9,75.59,7.614,2.6,2.5
11,Palestine,PSE,5043612.0,57.6979896656655,77.291,22.709,73.473,104675.0,2454258.0,6025.0,1.68298755186722,64.9294605809129,6.95435684647303,,0.205186452677127,43.3990147783251,3.65321836714652,371.968973747017,6759.02159778116,33.7,6.31674857805511,17.6851289414104,,,,99.7,57.3,9.2,,98.0,97.0,,12.8,,20.0,,5.3,,43.469,0.5,
12,Lebanon,LBN,5489739.0,62.66550534866,89.262,10.738,75.047,6675.0,1306143.0,10230.0,14.069403714565,66.4027370478983,13.6168132942326,3.79219353680069,2.95352811814316,37.75,,146.324694903087,14330.5156325828,31.8,1.40016561487545,2.7586320737767,3.36622246400457,47.35876824294901,97.6211011078068,98.2,54.5,8.0,0.1,67.0,67.0,5.55337748107005,7.1,5.89549332195732,21.0,88.5511303769937,16.4,87.4,20.306,11.0,
13,Ethiopia,ETH,123379924.0,57.2339347638359,22.661,77.339,64.975,149245.0,879598.0,1128571.265,15.0593059801146,34.1981062223837,14.4554451330993,0.154431771590205,0.0,8.64598360655738,0.471448509594268,42.0726786808876,2812.51313440852,35.0,37.639031070535,22.7220072535484,0.903892013953936,19.230136117445632,6.56980662963724,49.8,37.7,5.0,0.8,65.0,56.0,44.654315277746,34.3,12.086981875164,267.0,43.2587026475636,28.2,0.54,69.221,126.0,21.9
14,S. Sudan,SSD,10913164.0,53.2445014683414,20.846,79.154,54.975,2294983.0,308369.0,631930.0,11.3256215087114,44.7085911414239,3.789502001804,0.16430913651009,0.0,2.53076923076923,,0.0258445734329979,1181.93160266504,44.1,10.3550274477245,33.0945353993221,3.0210780434718,2.4761969371327788,72.2226347839002,19.4,4.0,6.5,2.1,73.0,72.0,61.3045825239178,63.8,10.7549011322041,1223.0,27.9405168965776,36.7,0.32,99.199,227.0,21.4
15,Somalia,SOM,17597511.0,50.2655119806432,47.324,52.676,55.28,790513.0,16023.0,627340.0,9.40996907578028,70.3430356744349,1.75343513884018,0.0399346532651356,3.51773871040259,54.9666666666667,,1.07110909090909,1710.96228128642,,62.7445651953775,9.51393669455694,1.52999213555444,,,31.9,6.9,6.5,0.1,42.0,46.0,61.0164601667836,71.1,9.10451274150765,621.0,29.8790260671022,27.4,0.16,117.994,246.0,48.7
16,Kenya,KEN,54027487.0,59.315518413803,29.002,70.998,61.427,7605.0,504473.0,569140.0,6.34481849808483,48.6874934111115,10.1908142109147,0.374079219355755,0.409713227470306,19.4782608695652,,60.6620689655172,5765.81949696443,38.7,21.1657169102521,17.6562235849776,1.00120092261,20.444360423598752,17.3795726114892,70.2,65.1,4.0,4.0,90.0,90.0,48.2899120809572,28.0,10.8536088765901,530.0,40.856479221944,28.3,2.35,64.185,237.0,27.8
17,Malawi,MWI,20405317.0,54.7986746493248,17.98,82.02,62.904,499.0,35162.0,94280.0,23.3315655494272,64.1705557912601,42.4268137462877,0.0846361581872504,0.0,8.40644361833953,0.533578656853726,96.7358825,1732.60411139387,38.5,21.7620875918847,18.3464047678754,0.636293160064403,,,96.4,65.6,7.3,7.7,86.0,82.0,49.647247988715,31.2,10.1643789420465,381.0,40.1883723817408,33.4,0.43,117.865,125.0,17.8
18,Tanzania,TZA,65497748.0,53.5391079400165,36.682,63.318,66.201,786.0,206229.0,885800.0,51.1131180853466,44.6163919620682,15.2432829081057,0.233945592120175,0.367999549136882,6.17142857142857,,9.25030920199963,3099.17333984375,40.5,24.2690328195345,27.6985792564661,1.092190045588,19.37904025691303,14.3806169518921,63.7,38.4,12.3,4.5,88.0,86.0,54.3369886339401,34.1,11.2818740241766,238.0,34.3811377618399,31.1,0.46,123.652,195.0,23.5
19,Syria,SYR,22125249.0,63.9047263130174,56.769,43.231,72.063,6547818.0,593844.0,183630.0,2.84310842454937,75.7685345531776,25.3804770462343,1.21480248375323,0.395647772609015,195.799214806506,7.27932602410802,3.864198667258,,37.5,27.8221469452386,28.9124894141742,4.05614173609585,21.34034127116507,97.7917814326385,96.2,53.9,14.9,0.1,46.0,41.0,10.6566129269053,18.4,14.1307249248781,30.0,75.2126624215035,14.9,,38.72,17.0,27.8
20,Somaliland,-99,,,,,,,,,,,,,,,,,,,,,,,,,,,,,,,,,,,,,,,
21,France,FRA,67971311.0,61.142578102636,81.509,18.491,82.3243902439024,65.0,612934.0,547557.0,31.6613612829349,52.1475462828527,32.793955697763,3.95368245187991,2.08138306935594,13.136039825,6.39495598372109,153.32363214335,55387.4645768527,30.7,1.9136506040714,16.8221115444251,1.93872341806871,146.39958314426244,46.4879708722364,97.6,78.4,5.3,0.3,96.0,94.0,6.36802803638816,3.4,6.35586909299778,8.0,87.2761033734964,5.1,58.63,9.529,7.2,2.5
22,Suriname,SUR,618040.0,66.3626412832169,66.307,33.693,70.274,26.0,25.0,156000.0,97.3336108974359,0.5,0.371794871794872,4.28507655687612,71.2830600989544,0.622121212121212,74.3589743589744,175.483275862069,17773.4839559165,57.9,8.05874032064646,44.7693260878035,,48.03545105866088,76.253495819507,98.4,39.1,12.7,1.3,77.0,74.0,11.8146625910832,15.4,9.57560006869921,96.0,78.6097363921946,15.3,,56.137,29.0,9.0
23,Guyana,GUY,808726.0,65.1092366940328,27.022,72.978,65.673,248.0,12.0,196850.0,93.5033441706884,5.29845059690119,2.13360426720853,3.47277101663067,78.4831581251732,0.599460580912863,12.280081794013,60.8884523809524,42089.900359606,45.1,10.0298359219808,67.8206416613225,0.569847554986499,26.20746813373321,0.0,97.6,29.9,11.7,1.4,98.0,95.0,17.4113260046723,23.2,12.9406666905255,112.0,69.648005383792,22.3,8.78,66.556,60.0,2.5
24,South Korea,KOR,51628117.0,70.9372223548877,81.427,18.573,83.5268292682927,127.0,3825.0,97600.0,64.3135245901639,16.4241803278689,13.7602459016393,10.9900295814285,2.13367182802107,45.0223592906708,,281.478034251675,50330.5381644066,31.4,1.64164716763395,31.7263012565745,2.7177456962085,214.65548256008188,81.0284758071445,100.0,82.3,6.8,,98.0,97.0,12.8287871492843,2.5,9.26079720632437,8.0,77.9104186148433,8.6,49.63,2.211,39.0,2.5
25,North Korea,PRK,26069416.0,69.3876711816699,62.916,37.084,73.284,260.0,,120410.0,49.903330288182,21.5513661656009,19.0598787476123,2.02714861876503,4.89204847762075,12.9220895522388,,18.8694640522876,,,,,,18.797691818648897,62.0519947635667,99.5,70.2,8.6,,0.0,0.0,12.7943441218335,10.1,6.80565384652683,107.0,80.4000006804435,24.2,,2.325,513.0,45.5
26,Morocco,MAR,37457971.0,65.6952183247621,64.596,35.404,74.042,10471.0,7907.0,446300.0,12.8903354246023,67.8713869594443,16.8317275375308,1.81852638730999,1.44726242907171,36.4586206896552,5.95875166026963,55.2924041533546,9547.6640625,39.5,10.3315545972734,25.4771237702589,3.90492622294501,21.9767244506586,88.4688628123422,86.6,70.8,9.1,0.1,99.0,99.0,8.9061293772705,15.4,6.9035818970584,72.0,84.1902894663775,17.0,3.66,25.936,93.0,6.3
27,W. Sahara,ESH,,,,,,,,,,,,,,,,,,,,,,,,,,,,,,,,,,,,,,,
28,Costa Rica,CRI,5180829.0,68.9846258195358,82.042,17.958,77.023,275.0,14088.0,51060.0,59.7579318448884,35.4680767724246,4.75910693301998,1.35999554957394,2.00237495832442,2.77529203539823,,595.829958847737,25237.1182028471,47.2,4.14007362099535,20.6464381115517,,40.155959069526666,49.8802727339625,99.0,70.9,8.8,0.5,95.0,90.0,7.1284953663228,6.2,10.8785114228484,22.0,81.9929907443709,14.8,25.46,37.148,10.0,3.0
29,Nicaragua,NIC,6948392.0,64.9819267537007,59.556,40.444,73.837,16145.0,312.0,120340.0,27.4848761841449,42.3051354495596,12.4896127638358,0.678252104273379,1.7969652670308,0.814941425004801,,68.7069860279441,6877.07083200217,46.2,16.7843275365567,25.9892673365243,0.52647269455043,23.391745559117577,40.6953920569917,94.1,80.4,9.3,0.3,92.0,93.0,9.45054216988521,11.4,8.90956217157595,78.0,81.6398958837988,16.9,15.47,85.648,43.0,17.8
30,Congo,COG,5970424.0,56.2284521166336,68.736,31.264,63.519,13286.0,41557.0,341500.0,64.2196193265007,31.2679355783309,1.61054172767204,1.25459166977367,0.944060135733029,0.0207207207207207,,9.74670909090909,4335.05500104993,48.9,8.04191765434346,49.2456266720644,1.84718915649027,21.074922993588682,40.4806033834923,91.2,30.1,5.5,3.8,78.0,65.0,51.9672158322426,32.0,9.45927513175737,282.0,38.5735094747127,29.7,0.22,103.633,369.0,33.3
31,Dem. Rep. Congo,COD,99010212.0,50.5420804472169,46.837,53.163,59.193,931903.0,520544.0,2267050.0,55.1614932621689,14.9524712732406,6.0342736154915,0.0325847808481787,0.012774030558603,0.0759555555555556,,2.09032383040936,1337.83414851626,42.1,17.4440879590292,47.7096144390519,0.578894366833228,14.977657993070284,5.3558141424822,85.2,28.1,5.8,0.7,65.0,56.0,56.1827809538902,62.4,9.68515364034957,547.0,34.1320653169829,34.9,0.19,108.962,317.0,35.3
32,Bhutan,BTN,782455.0,71.6030314842387,43.686,56.314,71.815,6697.0,3000.0,38140.0,71.5013109596224,13.4504457262716,2.46460409019402,1.34005431673023,0.0,0.433205128205128,,14.3121276595745,12795.351765707,28.5,15.7947790371636,31.6232758910064,,14.194737784141768,0.0,96.3,65.6,10.4,0.2,98.0,97.0,18.2109373330241,22.5,9.04574466073515,60.0,72.7433195327289,16.2,2.87,18.977,164.0,
33,Ukraine,UKR,38000000.0,65.7656897598365,69.919,30.081,69.6478048780488,5679880.0,2520.0,579400.0,16.7345529858474,71.2996202968588,56.8243010010356,3.75381618922792,1.06733382993239,17.1669691470054,1.06993294764106,78.4872737212975,12675.4365234375,25.6,8.22220569798506,19.2438569007911,33.5465729986209,92.56582338143625,75.3495057807649,99.9,65.5,5.6,0.9,73.0,74.0,3.13381595554519,7.0,5.01101815960154,17.0,91.8551649320085,10.2,86.55,15.642,90.0,4.8
34,Belarus,BLR,9228071.0,66.0397225807423,80.326,19.674,72.3706829268293,11568.0,19715.0,202950.0,43.2722345405272,40.2759300320276,27.7112589307711,5.84240729590088,0.0,3.90588235294118,0.349889894788353,169.367709815078,22550.6404444662,24.4,7.70846614482636,33.1868487882366,1.20328256808078,116.44410946492663,92.4403750165292,99.9,52.6,5.6,0.5,98.0,98.0,1.60865374337322,2.1,5.71450571457612,1.0,92.6768424325138,7.6,124.24,11.85,28.0,2.5
35,Namibia,NAM,2567012.0,59.7902425484878,53.956,46.044,59.269,312.0,4685.0,823290.0,7.97761420641572,47.142562159142,0.971711061715799,1.58804514727825,0.187784026474826,4.5762987012987,,3.72615,11531.3005163764,59.1,8.37959456248605,29.6965824662871,3.0043137723859,31.92362076477004,66.7190908320656,88.2,56.1,6.7,11.8,84.0,91.0,45.1503326089775,29.4,11.8124947057211,215.0,43.0371729362929,34.8,6.13,64.944,450.0,17.1
36,South Africa,ZAF,59893885.0,65.556213580433,68.335,31.665,62.341,778.0,66596.0,1213090.0,14.0250847010527,79.4178502831612,9.89209374407505,6.68756314737781,0.199446537696018,45.3348214285714,1.66123643306286,104.638823333333,15920.4254097241,63.0,2.83027513079543,24.677136809329,0.739893648166575,106.52287528247763,86.7914316914016,96.7,54.6,10.8,18.3,85.0,86.0,35.6803578327848,26.4,12.9895858197131,127.0,51.3300565987341,22.2,11.42,61.206,468.0,7.9
37,St-Martin,MAF,31791.0,67.1384983171338,,,80.379,,,50.0,24.8,,,,28.6791382228284,,,,,,,,,,,,,,,,,,,,,,,,14.909,,
38,Sint Maarten,SXM,42848.0,78.4402942840973,100.0,0.0,73.972,,5.0,34.0,10.8823529411765,,,,8.05550980054621,,,,49540.8645302032,,0.0764609503003823,6.02852443173825,,,,,,,,,,,,,,,,,24.994,5.2,
39,Oman,OMN,4576298.0,70.2144834099528,87.75,12.25,72.541,54.0,295.0,309500.0,0.0078620355411954,4.73738287560582,0.266914378029079,15.6362010028175,6.84452843415434,116.714285714286,7.92650489012563,328.828350078683,41738.1607783558,,1.84079692263028,56.9789700972565,5.16766661805132,240.60323626712795,99.963168651853,99.9,29.7,13.8,0.1,99.0,97.0,9.76462365102089,8.7,10.4455851006983,17.0,79.7897919025766,10.6,30.48,9.944,9.3,2.8
40,Uzbekistan,UZB,35648100.0,64.6521403667199,50.466,49.534,70.862,4324.0,13026.0,440653.0,8.43180461723851,58.3012029873846,9.11397403399046,3.37630378548758,0.0,360.489596083231,14.5247678139086,296.838793854735,9535.66969063583,35.3,23.465394778244,31.0946842977803,3.5554825523167,56.28655189100347,97.738499471809,100.0,64.9,7.0,0.2,99.0,99.0,8.20831596886303,12.6,6.6096658662414,30.0,85.1820186447499,11.7,50.43,15.859,83.0,2.5
41,Kazakhstan,KAZ,19621972.0,62.2910673565385,57.99,42.01,70.23,3660.0,308.0,2699700.0,1.29048383153684,79.1924658295366,10.9899988887654,11.2977433059429,0.0,38.2051282051282,0.854085602202849,4.44561286430264,30820.0857848623,27.8,5.24714480730074,34.9793974237581,0.509364389357752,175.84674507419348,99.1739073129022,99.9,53.0,6.6,0.3,99.0,99.0,5.12469470440264,9.1,8.19985364765381,13.0,86.6754521201012,12.7,73.15,21.877,78.0,2.5
42,Tajikistan,TJK,9952787.0,60.2581266935583,27.968,72.032,71.594,2943.0,8608.0,138790.0,3.0607392463434,35.4276244686217,6.03789898407666,0.977533024275801,0.0,16.7065868263473,11.5253203172666,90.3648210023866,4886.74399157372,34.0,22.4490805460825,35.177682602153,1.01612975491734,13.357173418526328,45.9841418625521,94.8,29.3,6.6,0.2,97.0,98.0,19.4927277240652,27.6,7.31925734409598,17.0,73.1880151836871,15.7,41.68,45.427,78.0,9.3
43,Lithuania,LTU,2831639.0,63.8801223975521,68.465,31.535,74.3390243902439,77.0,67638.0,62610.0,35.1807490816164,46.9222168982591,36.3999361124421,4.18400041504391,1.54171360273301,1.64547218628719,0.207183634633682,139.684510750329,48860.6793359785,36.0,3.97432979111786,25.7388789772772,2.52262366538611,94.6626232838521,67.9937494705635,100.0,68.6,5.8,0.2,90.0,87.0,3.41432799404597,2.7,5.43139588283383,9.0,91.1542757580292,8.1,130.92,10.377,30.0,2.5
44,Brazil,BRA,215313498.0,69.8519813653299,87.555,12.445,72.75,2744.0,67522.0,8358140.0,59.2705274977447,28.6390944636007,6.96958414192631,1.94252335631484,2.23302391070074,1.18689277512807,2.91413407542935,369.467472099176,17827.6410509892,52.9,6.81318158158736,20.6976216988322,1.05342201124086,59.09985607570347,59.1075326389753,99.1,80.2,8.8,0.6,77.0,81.0,13.7086408761723,12.9,11.5536597805284,72.0,74.7376983511031,16.0,55.47,45.2,49.0,4.7
45,Uruguay,URY,3422794.0,65.3222871902731,95.688,4.312,75.436,68.0,1115.0,175020.0,11.7243743572163,80.3885555936464,11.6021311850074,1.89971905049917,2.20275964776308,3.96963123644252,1.57144065168983,211.120808822986,28851.5401574871,40.8,7.27127564555905,17.5828121331291,1.89979653202748,55.10200152904388,46.2703078884888,100.0,77.0,9.0,0.6,94.0,96.0,7.15428871700658,5.0,7.33568967755435,19.0,85.51001841335,14.8,38.9,36.226,38.0,2.5
46,Mongolia,MNG,3398366.0,62.9242112238646,68.93,31.07,70.975,2404.0,10.0,1557507.0,9.09894465963877,72.3150521955921,0.855726491116894,6.43064533509798,0.0,1.32873563218391,0.0534163638239082,31.2577731092437,14260.3096543967,32.7,13.0278534035361,35.3122175669446,0.603063250173256,73.42086552056395,93.1993828259583,99.3,48.1,6.9,0.1,95.0,94.0,6.30956602200595,12.7,10.9744404544239,39.0,82.7159926018599,21.0,45.03,26.708,452.0,8.0
47,Russia,RUS,144236933.0,66.4978203042189,75.126,24.874,69.3612195121951,79920.0,1277672.0,16376870.0,49.7843360788722,13.1584362579663,7.42809828740168,11.2322880672434,0.963520751664424,1.50324675324675,1.97082053328631,25.3278119836579,36307.80859375,36.0,3.90141771321053,32.7935315983555,4.05631633246717,195.9998415308389,92.1428758178287,99.6,68.0,5.6,,97.0,97.0,3.9034529707424,4.1,6.79121723457985,14.0,89.3053298873847,12.0,63.12,14.988,39.0,2.5
48,Czechia,CZE,10672118.0,63.4040725802379,74.377,25.623,77.3731707317073,599.0,435212.0,77186.83,34.7066980208929,45.730560511424,32.0693957764556,8.30401749583889,0.0,10.3878326996198,0.623803578506073,148.624327616262,49194.9577860058,26.2,1.9015150934621,29.6124053398158,1.35806383214179,153.06069753706086,77.7345870580784,99.8,86.3,7.1,,94.0,97.0,5.82779134424743,2.2,4.77548092277927,3.0,89.3967236941536,5.9,124.52,9.709,4.2,2.5
49,Germany,DEU,83797985.0,63.6285982930303,77.648,22.352,80.9009756097561,157.0,2075445.0,349390.0,32.6826755201923,47.4856177910072,33.3667248633332,7.2552210281684,1.99002924234282,22.8439252336449,3.05212413377523,130.141019042717,63521.899395912,31.7,0.920163742871072,26.9021953616504,1.39005500959653,151.37728693533393,78.862551056755,96.2,80.3,6.9,0.1,91.0,97.0,4.7599854163992,3.0,4.64167927814672,4.0,90.5983327596301,3.8,108.0,7.465,5.1,2.5
50,Estonia,EST,1348840.0,63.0146252588491,69.609,30.391,76.7414634146342,40.0,40806.0,42750.0,57.0385964912281,23.0877192982456,16.374269005848,5.33839981587368,2.61109485088202,6.7108756884343,0.199401794616152,103.494285714286,46556.3855294316,30.7,2.51573755901403,24.0189188726805,2.08666579059428,165.48491897868863,13.0562153357344,99.6,75.1,6.5,,85.0,82.0,3.58259932872953,1.6,4.22251355239039,5.0,92.1948909762529,4.5,64.98,8.764,11.0,2.5
51,Latvia,LVA,1879383.0,62.5837070306611,68.54,31.46,73.2829268292683,102.0,39055.0,62230.0,54.8716053350474,31.6567571910654,21.8865498955488,3.64561216849281,10.2259175988653,1.0697225501771,0.0310719834282755,111.814977973568,39825.2634172655,35.7,5.02197734460083,21.576508769173,2.04986513456443,86.31836760638826,56.7174275733725,99.9,67.9,5.9,0.7,95.0,96.0,3.04076502411086,3.2,4.9656268353408,18.0,91.9936098302222,8.1,67.62,11.216,19.0,2.5
52,Norway,NOR,5457127.0,64.8572433822895,83.664,16.336,83.1634146341463,5.0,75311.0,364270.0,33.4581491750625,2.70403821341313,2.20715403409559,6.7250800496331,7.15075669196258,0.704476439790576,3.42597703883757,208.539800995025,114929.521014913,27.7,1.54949212517574,48.6909100961753,1.63766554089693,230.68674420514017,56.9516286499811,99.2,73.8,3.6,0.1,97.0,96.0,7.67957977902199,1.8,5.59829045075369,2.0,86.7221299287588,2.1,67.16,2.336,3.3,2.5
53,Sweden,SWE,10486941.0,62.1512118238219,88.492,11.508,83.1560975609756,23.0,277726.0,407283.54,68.6990689582005,7.37302077073873,6.22458251074915,3.24298914312747,5.12805059212315,1.45204678362573,1.68822742740622,117.125478764738,65156.9537033837,28.9,1.4649724137585,23.9544070254188,1.30746311852624,202.34075653681842,25.1170961346531,100.0,,5.0,,94.0,92.0,5.91546177237149,2.0,5.03745873904773,5.0,89.0470759204382,3.1,113.11,3.345,3.9,2.5
54,Finland,FIN,5556106.0,61.5524120355284,85.681,14.319,81.9341463414634,5.0,69553.0,303947.7,73.7264996576714,7.46181004166177,7.37955904913905,6.57014512772575,4.55613658391432,2.80373831775701,0.351648351648352,98.0842621489077,59470.1450149986,27.1,2.29224441177018,25.5638482011577,1.72168290261653,234.93213405198364,40.2079829899529,99.6,85.5,6.1,,91.0,94.0,1.42416707005328,1.8,5.6430073668987,8.0,92.9328258466129,3.9,76.3,4.159,3.9,2.5
55,Vietnam,VNM,98186856.0,68.4929044881527,38.766,61.234,73.618,17287.0,990.0,313429.0,46.9611618580284,39.4347683207361,21.6540269088055,3.67644008813984,29.6698131367695,22.7761393355962,,427.590601149256,13461.0089701732,36.8,11.8771079380377,38.2592736277217,2.28456986005062,26.3251263919328,69.8218365547114,96.1,72.8,6.1,0.3,91.0,88.0,9.30494112386208,16.4,9.32848946693106,124.0,81.3665708335802,30.6,,34.6,176.0,5.0
56,Cambodia,KHM,16767842.0,65.2454870088385,25.114,74.886,69.584,11689.0,24.0,176520.0,44.825968728756,34.552117040562,23.3409228416044,1.13758365931038,2.00470704447948,1.81094527363184,,49.5837192122393,5355.17190766502,,22.2302031991824,37.8984560220301,2.09964232456006,16.598094086201957,30.629081397544,89.0,56.3,7.3,0.6,85.0,83.0,23.0343168225405,21.3,9.24472413666233,218.0,67.7209576492285,19.6,4.2,45.453,320.0,4.8
57,Luxembourg,LUX,653103.0,69.1715861204233,91.881,8.119,82.7487804878049,5.0,11952.0,2574.46,34.4538272103664,51.5879058132579,24.2660596785345,12.4569532326913,0.0,4.78,,226.9957741068,140616.449148,33.4,0.241340659624141,10.3967225167357,0.700406724896945,259.66392562903366,80.562295207665,99.9,,5.9,0.2,99.0,99.0,5.3566112640065,2.2,6.04676085887135,6.0,88.5966262598026,4.1,80.75,4.304,8.3,2.5
58,United Arab Emirates,ARE,9441129.0,82.9388933748757,87.543,12.457,78.71,192.0,1399.0,71020.0,4.46775556181357,5.51339763446916,0.708251196845959,20.2522716801426,26.7198219315291,1587.33333333333,23.9962304772047,626.804970178926,88488.9846057784,26.0,0.823739508742875,51.464463582535,5.64365135247024,316.2640249855394,86.1283490244126,99.2,27.5,16.4,,96.0,98.0,7.09169127061723,5.4,15.8086878707137,9.0,77.0996232320676,8.9,,3.085,0.76,2.5
59,Belgium,BEL,11685814.0,63.7372908039084,98.153,1.84699999999999,81.890243902439,28.0,151408.0,30280.0,22.7642007926024,45.1013870541612,28.5878467635403,7.39813065774681,5.48301366791854,34.9916666666667,0.42648709315376,265.70662169031,65478.4469522084,26.0,0.640580545635069,20.0495339452098,1.17973708133594,185.88481986564705,75.8707843536824,99.3,66.7,3.6,,98.0,96.0,7.89790553547321,3.4,6.12096377150522,5.0,85.9811278647269,5.8,89.76,5.33,7.8,2.5
60,Georgia,GEO,3712502.0,64.1272780273292,60.297,39.703,71.694,13353.0,27839.0,69490.0,40.6159159591308,34.2480932508275,4.48985465534609,2.75470919618902,3.85225301774936,2.84486495785309,4.01750198886237,178.197064516129,20172.0764615412,34.2,5.96846185608091,21.357218760426,1.43098609970017,46.80135546056437,72.2095353380914,99.8,39.3,5.7,0.3,85.0,90.0,2.75314406500288,8.4,3.9013560135276,28.0,93.3455004497632,12.4,130.44,31.654,60.0,2.9
61,North Macedonia,MKD,2057679.0,69.0814642826693,59.118,40.882,74.5368292682927,1854.0,635.0,25220.0,39.7101506740682,49.9603489294211,16.5344964314036,3.27942018720106,0.0,29.6144444444444,6.67462450592885,50.4899040767386,20328.8526880125,33.5,8.12400044755008,22.9495056916409,1.60534290001473,50.3068892453631,79.4259146649485,100.0,59.9,6.1,,84.0,71.0,1.28361099483121,4.6,2.58451833357533,3.0,96.131870575848,5.1,61.22,16.367,11.0,3.6
62,Albania,ALB,2777689.0,67.1981982330638,63.799,36.201,76.463,20847.0,2676.0,27400.0,28.7919708029197,41.471897810219,21.8941605839416,1.54455011524574,9.15110167982407,2.92193308550186,16.5444897168956,101.428185456971,18603.4117850842,29.4,18.6228214469268,21.3944061535612,1.58488092384586,32.05769940749797,61.4218013942638,99.8,46.0,10.2,0.1,97.0,86.0,3.0231082827299,8.4,3.03599641131377,8.0,93.9408931427863,11.7,11.63,14.517,15.0,4.1
63,Azerbaijan,AZE,10141756.0,69.4120885794019,57.17,42.83,69.366,42013.0,6414.0,82650.0,13.8329909255898,57.8415003024803,25.275257108288,3.39884957289227,0.0,155.144793592113,30.7346358197716,105.594652943992,17828.6083929734,26.6,4.76455212671996,55.9361498306007,4.54596853675007,59.561905612108845,98.3659900265556,99.9,54.9,5.6,0.1,83.0,93.0,5.98818904163466,16.6,3.7636405524941,41.0,90.2481711224634,6.7,67.63,40.079,68.0,2.5
64,Kosovo,-99,,,,,,,,,,,,,,,,,,,,,,,,,,,,,,,,,,,,,,,
65,Turkey,TUR,84979913.0,68.1316855938385,77.022,22.978,76.032,92198.0,3568259.0,769630.0,29.0741785013578,49.4900146823798,25.8318932474046,4.8858639260833,2.58616013593939,27.1073039647577,13.6916170022841,129.527991549721,37445.1600448718,41.9,6.47692580411538,31.2937674149947,1.23348554849601,65.74173409415177,86.843187660708,97.0,69.8,14.5,,99.0,95.0,5.16531847193368,7.7,4.66807225367062,17.0,90.1666080124334,6.7,47.63,16.884,14.0,2.5
66,Spain,ESP,47778340.0,65.9370882417879,81.304,18.696,83.1780487804878,62.0,317751.0,499733.244,37.1727521093233,52.4848941208322,23.112437562789,4.2795945712141,3.9984263212818,26.0971223021583,14.7850960779743,161.051631155229,46331.6521079884,34.9,2.33834951131815,20.7946214173296,1.46603384385733,101.9613831706184,72.9555461183378,99.9,62.1,10.3,0.3,93.0,96.0,5.61044466480471,2.6,3.62210162451938,3.0,90.7674536252155,3.9,79.9,6.281,6.9,2.5
67,Laos,LAO,7529475.0,64.9030310878248,37.592,62.408,68.061,6591.0,80.0,230800.0,71.7547660311958,8.7998266897747,5.30329289428076,2.6202834413044,0.0,3.86029411764706,21.712949286066,50.8919281045752,9387.37441239891,38.8,14.8688822282276,34.1089797342112,0.189895181780941,,,64.4,56.3,6.2,0.3,80.0,76.0,25.6405037340773,34.2,9.01654868295383,126.0,65.3429480560114,17.9,3.68,73.175,138.0,4.7
68,Kyrgyzstan,KGZ,6974900.0,61.0118083926654,37.461,62.539,71.9,3287.0,274.0,191800.0,6.95318039624609,54.0464025026069,6.71220020855057,1.37997537956504,0.0,15.7510729613734,9.68831093661068,22.6464191393506,5988.60618019937,29.0,10.935950911754,22.2588601089415,1.47880865000304,25.790370997172477,75.4762189566472,99.8,39.4,6.6,0.2,90.0,94.0,10.4414310543389,15.6,7.97238903608636,50.0,81.5861780638101,12.7,50.06,34.697,130.0,4.8
69,Armenia,ARM,2780469.0,66.3739462658997,63.573,36.427,72.043,14844.0,34634.0,28470.0,11.5300316122234,58.8275377590446,15.5749912188268,2.40468376195106,0.0,41.2596588423969,9.30786591991975,203.733029633305,18965.727568415,27.9,10.3731363956122,25.2816609618458,4.31710667230517,40.59713472886882,74.5618657137382,99.8,57.1,5.6,,93.0,95.0,6.69449890981904,9.5,4.67775117531801,27.0,88.6277513245613,20.0,86.66,18.511,25.0,2.5
70,Denmark,DNK,5903037.0,63.4533248819353,88.367,11.633,81.4048780487805,8.0,67772.0,40000.0,15.7345,65.45,58.925,4.69123730751634,12.5703443745095,16.2738333333333,9.01451489686784,132.621629189648,74896.9962236765,27.5,1.17288994269624,19.656297094729,1.418960371433,111.6872173617832,64.9270894675666,95.3,76.5,5.3,0.1,97.0,95.0,6.82614009736737,3.1,3.51602038320691,5.0,89.6578412938322,3.7,68.98,1.908,4.0,2.5
71,Libya,LBY,6812341.0,66.8422352903356,81.302,18.698,71.911,17854.0,2208.0,1759540.0,0.123327687918433,8.72387101174171,0.977528217602328,6.68280547080212,6.83376098719048,817.142857142857,,14.7238488372093,23382.7324088016,,1.59721923424487,80.3080316328662,15.4795763013832,116.19808716309763,99.1112963634113,99.9,27.7,8.7,0.2,73.0,73.0,10.3928533300441,9.2,14.556827487362,72.0,75.050321329237,21.3,,6.93,59.0,8.4
72,Tunisia,TUN,12356117.0,66.1390103379565,70.214,29.786,73.772,2667.0,3299.0,155360.0,4.53308444902163,62.4388516992791,18.2241246138002,2.4086225282388,8.94186702264795,92.1096543504172,3.94247209091823,48.0488503514287,12483.6306945385,32.8,9.84134845121894,23.3042981082703,2.47677866774635,36.48366690530046,88.8703881043834,99.5,50.7,9.6,0.1,97.0,95.0,7.14455905561033,14.0,6.91074046240076,37.0,85.9446988729274,16.5,11.54,6.685,37.0,3.0
73,Romania,ROU,19047009.0,65.4390132002127,54.489,45.511,72.9609756097561,3939.0,105621.0,230080.0,30.1158292767733,56.8454450625869,37.3261474269819,3.56413750145988,0.328334085786212,15.1392166116092,2.63781634681551,107.415812761993,41259.5414075682,34.6,4.47147963599244,28.8774683836296,1.73054506592533,63.11439768629032,72.5236945744128,93.1,69.8,6.5,0.2,85.0,83.0,5.32769761915331,5.3,3.63515880942512,10.0,91.037146163309,10.3,60.53,36.376,52.0,2.5
74,Hungary,HUN,9643048.0,65.5478121849858,72.552,27.448,74.4658536585366,1953.0,35370.0,91260.0,22.4803495507342,55.2672430418584,45.3616524216524,4.59165290704788,0.0,77.8766666666667,2.19097586635305,161.810587248693,41740.9112569489,29.7,3.23756768614665,24.6059905389602,1.52573720690762,96.46590678518837,69.549793691078,99.7,61.8,7.0,,99.0,99.0,1.97689691169873,3.3,4.13719063874997,15.0,93.8859147873012,7.7,55.69,22.148,5.0,2.5
75,Slovakia,SVK,5431752.0,67.2828851414196,53.909,46.091,74.7146341463415,559.0,96563.0,48080.0,40.05615640599,38.6023294509151,27.5790349417637,5.31905480792852,0.0,4.40476190476191,1.37931034482759,134.493650075415,37457.1730219889,23.2,2.21939433290568,28.4813749776734,1.75731102032193,119.10429731492722,64.0914950988802,98.2,,5.8,0.1,97.0,95.0,5.10477524844871,4.6,6.28671780232579,5.0,88.6085086359974,6.1,53.9,26.307,2.9,2.8
76,Poland,POL,36821749.0,66.2949232026664,60.134,39.866,75.6024390243903,966.0,971129.0,306100.0,31.0192747468148,47.3683763475988,36.193270173146,7.36756337292709,1.58578229608631,16.169776119403,0.923194657019619,156.064397098592,44134.6183100063,28.8,2.84003722907454,28.0927597273997,2.38851188830618,98.74415513555202,90.2913754356553,99.7,63.2,6.8,,90.0,71.0,5.85222082210651,3.7,4.24088228218582,2.0,89.906897649352,9.4,67.86,9.653,12.0,2.5
77,Ireland,IRL,5127170.0,65.2795873312312,64.183,35.817,82.1024390243903,13.0,81256.0,68890.0,11.4097837131659,62.9554362026419,6.32893017854551,6.76822759018266,2.79860140235064,3.14448979591837,,1637.09256880734,126837.311688676,29.2,1.10755040853986,41.4855667741447,0.225109121716702,111.81653714719205,85.3428197664443,99.7,73.3,3.0,0.3,93.0,90.0,5.68459569024138,2.7,3.9095342520665,5.0,90.4058687318321,3.1,71.97,5.941,4.5,2.5
78,United Kingdom,GBR,66971395.0,63.3633950575328,84.398,15.602,80.7,237.0,328989.0,241930.0,13.2214553796553,71.1575290373248,24.8410870913074,4.60114225090135,2.74511866286226,5.80620689655172,0.413905093911878,240.939629946679,54929.8346212468,32.6,0.764233870806849,16.6819888515145,2.22718397866051,109.6213795685681,80.3517712672552,99.0,76.1,6.3,,92.0,90.0,8.1567751410004,3.7,3.68614740758269,10.0,88.1570765293416,3.2,133.3,10.541,7.6,2.5
79,Greece,GRC,10426919.0,63.308722768701,80.357,19.643,80.1829268292683,125.0,160761.0,128900.0,30.2699767261443,45.5173622963538,16.5394134988363,4.76718493701839,5.10819938614292,17.451724137931,16.362182360613,149.965078597313,37075.1124218619,33.6,3.76452239269276,16.8228635746382,3.69207449516864,86.52566506892259,82.5746351336883,99.9,61.3,6.4,0.2,99.0,97.0,12.8546065898118,3.3,3.9092271407784,8.0,83.2361672454401,8.3,163.54,8.479,2.2,2.5
80,Zambia,ZMB,20017675.0,55.3959538258064,45.761,54.239,61.223,295.0,61159.0,743390.0,60.0301501230848,32.0679589448338,5.11171794078478,0.40190271250386,0.0,1.96009975062344,,63.9045605263158,3975.60063934688,55.9,3.09401583039216,35.2838210190424,1.18630432872079,25.057513260670692,10.5633241033139,80.4,49.6,11.9,10.8,82.0,90.0,56.517852657474,40.2,8.68976437239104,135.0,34.7923815115643,20.5,1.48,117.017,295.0,29.8
81,Sierra Leone,SLE,8605718.0,57.8843276063659,43.831,56.169,60.062,6827.0,345.0,72180.0,34.8455250761984,54.7104461069548,21.9451371571072,0.127277607278142,3.53641993046461,0.132625,,2.66671717171717,1930.90072713085,35.7,60.4461134581617,6.54914028408004,0.599792940179085,,,86.9,21.2,2.1,1.4,91.0,90.0,56.6757595572297,78.3,9.24984218649174,443.0,34.0743981626212,33.0,0.13,100.905,286.0,27.8
82,Guinea,GIN,13859341.0,55.1342143589011,37.668,62.332,58.892,35303.0,2199.0,245720.0,25.0244180367898,59.5718704216181,12.6159856747518,0.34364615086247,2.34686602584341,0.393805309734513,0.650222678999657,6.85734516129032,3188.07510401313,29.6,27.3199176325348,28.8351691223231,2.03715761863678,,,55.3,10.9,2.1,1.5,47.0,47.0,57.9601248878216,63.8,8.76659121001158,553.0,33.2732838664995,29.7,,114.829,175.0,12.9
83,Liberia,LBR,5302681.0,56.1691906414887,53.065,46.935,60.747,5085.0,620.0,96320.0,78.7705564784053,19.9651162790698,5.19102990033223,0.231838923937177,11.7318691364715,0.07295,,5.56922,1570.47437952052,35.3,36.2030463741344,20.688547927744,1.26514347454168,,,84.4,24.9,2.1,1.1,78.0,79.0,58.4314977293647,56.7,9.91344023749502,652.0,31.6550622520222,38.9,0.6,123.38,308.0,38.4
84,Central African Rep.,CAF,5579144.0,49.3539286092928,43.12,56.88,53.895,748327.0,11213.0,622980.0,35.7523516003724,7.88147292047899,2.88933834151979,0.044282072685485,0.0,0.0514184397163121,,0.238461111111111,973.246270390756,43.0,36.21711,21.1573,1.69643629147357,,,40.3,17.8,5.8,2.7,42.0,41.0,59.061166797196,75.4,9.02071399710817,835.0,31.9181186711719,37.7,0.38,160.507,540.0,48.7
85,Sudan,SDN,46874204.0,55.5710471371418,35.956,64.044,65.267,836756.0,1097128.0,1868000.0,9.73629014989293,60.3130835117773,11.2392077087794,0.467953928316626,0.508642210659131,673.375,1.39049591691605,7.10307199292779,4217.421875,34.2,5.03129205089745,4.87140112449487,0.915918757058143,16.06072497074244,31.7265265898426,77.7,12.8,18.9,0.1,84.0,81.0,35.5456510407433,38.9,10.5091032751335,270.0,53.9452462094465,26.8,2.67,79.908,54.0,11.9
86,Djibouti,DJI,1120849.0,65.0716399227906,78.38,21.62,62.305,1706.0,20383.0,23180.0,0.253377911993098,73.5073339085419,0.129421915444349,0.392329171237878,11.0745910622314,6.33333333333333,,17.2,5893.23837068246,41.6,1.82023656740343,15.3334920376053,2.62758252462798,6.553866407149349,0.0,87.4,19.0,7.4,0.7,59.0,50.0,37.4138233548601,45.9,10.8115460993377,234.0,51.7746300342238,23.5,4.42,22.722,240.0,16.8
87,Eritrea,ERI,3684032.0,56.7901903118907,42.625,57.375,66.536,508291.0,119.0,121040.829,8.69210834634981,62.7226371689837,5.70055580171216,0.198657542968412,15.4855376134058,20.7857142857143,,3.002,1628.75050902937,,14.1242274354984,21.8193391437224,20.8657453093811,9.716295958837637,23.1334476987139,34.1,8.7,6.5,0.5,95.0,93.0,38.6445053843302,28.9,11.8773072432547,322.0,49.4781866614906,37.9,0.4,64.356,69.0,
88,Austria,AUT,9041851.0,65.8148777514741,59.256,40.744,81.2390243902439,41.0,258613.0,82520.0,47.2944740668929,31.4767256422685,15.9932792050412,6.63264573733546,0.0,6.34545454545455,1.43062052228884,128.565849657826,67874.9048844099,29.8,1.38580177651311,26.1068838876749,0.772607157386914,150.69327291532412,65.6618219894727,98.1,65.7,4.6,,84.0,95.0,3.5699786156552,3.0,5.44531462854727,5.0,90.9847050700664,4.9,109.88,5.521,4.4,2.5
89,Iraq,IRQ,44496122.0,58.8595390274633,71.354,28.646,70.378,288261.0,273716.0,434128.0,1.90036118379833,21.7078833892308,11.4459329967199,3.84217781974399,4.59009995154453,160.835227272727,,55.1767840611793,10865.4200792049,29.5,2.85142526205376,62.7490598754853,1.6669677433245,53.39472511873768,95.9841767833015,95.6,52.8,10.7,,93.0,88.0,15.2968313867188,20.7,17.8103902558149,76.0,66.8927788998746,27.3,7.64,62.192,23.0,16.3
90,Italy,ITA,58940425.0,63.5161719486847,71.657,28.343,82.7951219512195,151.0,296181.0,295717.0,32.5308994748357,41.9422315930434,24.3232955832773,4.73237277079935,3.81654106895182,18.4356164383562,19.926631283172,133.218887133433,52803.9972579983,35.2,1.82093915110622,23.8195878907716,1.67909233846156,98.40901695643214,79.9484547354947,99.8,65.1,6.4,0.2,95.0,94.0,5.50478804647942,2.2,3.85670624309975,5.0,90.6385058588077,5.3,142.4,3.993,4.6,2.5
91,Switzerland,CHE,8775760.0,65.644252392777,74.092,25.908,83.8512195121951,8.0,182474.0,39509.63,32.2086033202538,37.9496922648985,10.009321778007,4.04207281475341,0.0,4.21782178217822,3.28865724743582,177.18726277902,84649.9398990745,33.1,0.614574942644973,24.8746674285497,0.764653391906917,117.37579010952886,50.1682254807986,100.0,71.6,4.6,0.2,96.0,96.0,4.74880946988912,3.4,5.69826863764251,7.0,89.5529243677502,2.2,94.76,2.212,4.6,2.5
92,Iran,IRN,88550570.0,68.811552539978,76.807,23.193,73.875,122224.0,3425091.0,1622500.0,6.63521109399075,29.008936825886,9.67580893682589,7.06335132057733,0.928610379790746,72.3346303501945,16.9519786104974,68.2894369068094,18261.8484604897,40.9,12.7653151216866,39.8556929760804,2.5858676814208,117.56560555801026,99.0225805453018,99.0,77.4,9.1,0.1,99.0,99.0,8.08917917585891,10.9,10.6036644428042,22.0,81.3071549864524,21.5,5.02,30.155,11.0,6.1
93,Netherlands,NLD,17700982.0,64.2603507375934,92.886,7.114,81.4609756097561,56.0,218457.0,33670.0,11.001980991981,53.8164538164538,29.7891297891298,7.4715534787719,53.6880948779583,75.5090909090909,16.3419198590929,274.353938185444,70869.4073819731,26.0,1.50498305250957,19.5092791291838,1.58328113846348,167.85288807753136,93.4610046096056,100.0,73.0,4.5,0.1,93.0,89.0,6.00082384419398,3.5,5.76499055099377,4.0,88.234188813408,4.0,48.97,2.804,4.1,2.5
94,Liechtenstein,LIE,39327.0,66.1720955069037,14.538,85.462,84.4024390243902,5.0,524.0,160.0,41.875,32.3125,10.8125,3.66384799772938,0.0,,,,,,0.166049303870226,40.2009622344276,,,,,,6.1,,,,,,,,,,71.94,3.019,,
95,CÃ´te d'Ivoire,CIV,28160542.0,56.1281516504876,52.661,47.339,58.598,25103.0,5636.0,318000.0,8.5654927672956,73.8993710691824,11.0062893081761,0.406347356890383,3.26601676991082,1.51223321186882,,45.8822057142857,6540.46235512789,37.2,16.715367493421,21.9810070765666,0.889183594972784,23.925520242499054,26.4923300237552,73.6,25.5,2.1,1.9,76.0,65.0,54.3054200963566,55.9,10.0346807490684,480.0,35.6599009600282,24.1,2.81,104.968,123.0,7.7
96,Serbia,SRB,6664449.0,65.0061058396781,56.873,43.127,72.7307317073171,30599.0,26521.0,84090.0,32.3812581757641,41.443691283149,31.0976334879296,6.71451717217514,0.0,63.334126323302,1.49210903873745,74.985361376673,23914.1741899681,35.0,6.45989367830035,25.5708892203047,2.27899881291153,73.73193368207546,83.8712616429286,99.9,62.3,9.1,0.1,92.0,81.0,2.70973223805172,4.7,2.37438662942997,10.0,94.9158841872602,7.5,86.72,14.897,14.0,2.5
97,Mali,MLI,22593590.0,50.429755730945,45.437,54.563,58.941,226720.0,60637.0,1220190.0,10.896663634352,35.3477737073734,6.83582065088224,0.195565971417317,0.0,8.64333333333333,,28.6206857690924,2518.94728348582,36.0,36.4212984751862,19.9629972719727,2.83404367131954,,,67.3,17.2,2.1,0.8,77.0,70.0,60.2543251797839,61.6,9.42341482317176,440.0,30.3222602495614,22.7,1.05,150.062,49.0,12.8
98,Senegal,SEN,17316449.0,55.4107311493251,49.086,50.914,67.093,13087.0,11802.0,192530.0,41.6982288474523,49.4000934919233,19.893003687737,0.649800561203009,7.02540265689155,11.8666666666667,0.742049469964664,8.8391409921671,4210.35927863676,38.3,15.4885280715735,24.5404890681664,1.57213470423859,11.233543738262592,53.9091172097172,74.5,26.9,3.1,0.3,88.0,80.0,43.7546078460253,29.1,11.335051948198,261.0,44.9103407806288,23.5,1.05,66.454,112.0,5.7
99,Nigeria,NGA,218541212.0,53.9809030481191,53.521,46.479,52.676,391074.0,91275.0,910770.0,23.5664876972232,75.3691931003437,40.4844252665327,0.537510175389551,3.52576087697703,5.64343891402715,0.321580270139185,18.6103276198742,5862.23507005742,35.1,23.6918718404603,30.7755687190103,0.635544551107252,29.778249741720078,18.876766756621,43.3,16.6,3.6,1.3,62.0,60.0,65.2078910458964,70.6,7.66039943199942,1047.0,27.1317098254344,20.7,1.37,101.675,219.0,15.9
100,Benin,BEN,13352864.0,54.5044156819091,49.534,50.466,59.821,816.0,1779.0,112760.0,27.3603228095069,35.0301525363604,24.8315005321036,0.631204805964476,7.25427232711728,1.2621359223301,1.34177215189873,40.7060178571429,4057.45175503911,37.9,26.8964460711789,17.0177168089335,0.557461260604776,16.016304344557472,36.7245813253448,78.1,15.5,1.1,0.8,76.0,68.0,51.8319985999825,55.2,9.19147102400214,523.0,38.9765291553727,26.8,1.86,92.259,52.0,9.9
101,Angola,AGO,35588987.0,52.3848135941605,68.081,31.919,61.643,11751.0,25514.0,1246700.0,52.9817223871019,36.8147910483677,4.30977781342745,0.592742967779037,1.53305214067655,0.476824324324324,,5.60685464358831,6976.00646865565,51.3,13.6491094624883,44.8763995482735,1.32872232786494,21.446884777050656,48.3055930097329,49.6,13.7,4.6,1.6,42.0,37.0,59.1622729537789,47.2,9.08828741319193,222.0,31.7494401531339,26.1,,138.402,333.0,21.6
102,Croatia,HRV,3855600.0,63.5605774425718,58.219,41.781,76.4243902439025,17573.0,20638.0,55960.0,34.6963902787706,26.3759828448892,15.3145103645461,3.86070539173057,4.31367326892496,1.76392572944297,1.15853658536585,208.07934655776,40240.0118371846,29.5,3.07896648310174,19.9105150810305,2.16749051634117,75.2550759052557,70.7036623421282,99.96,,4.8,0.1,92.0,90.0,3.3963940810779,3.9,5.06513555428123,5.0,91.5384707848712,7.9,81.24,8.637,2.7,2.5
103,Slovenia,SVN,2111986.0,63.9242793337623,55.751,44.249,80.8756097560976,7.0,8705.0,20136.4,61.3711140025029,30.3410738761646,8.986214020381,5.93473517885826,1.38309038211643,5.37225495447241,0.762734057876129,246.355346780879,48302.5266436187,24.0,1.83702173280014,28.1375741936873,1.18798601519501,125.89322260920703,61.114199486892,99.8,78.9,5.8,0.1,89.0,96.0,2.65495639467145,1.8,7.35694422198643,5.0,89.9880996804389,5.1,66.7,4.478,3.9,2.5
104,Qatar,QAT,2695122.0,82.6671853815894,99.318,0.682000000000002,79.272,40.0,197.0,11490.0,0.0,6.44038294168842,1.82767624020888,31.7268424513247,6.74901542925335,446.428571428571,17.5675675675676,240.240952380952,114049.227996855,,0.255963466974482,65.4294075750534,6.96216611853725,789.2324983673254,99.9950267210512,100.0,37.5,19.5,0.2,98.0,99.0,4.95048572778131,4.5,18.1595052295684,8.0,76.8900092385815,7.3,14.49,7.069,37.0,
105,Saudi Arabia,SAU,36408820.0,71.2430065022706,84.729,15.271,76.936,1936.0,454.0,2149690.0,0.454484134921779,80.7730416943838,1.59557889742242,14.2665853675408,3.20801656221606,974.166666666667,0.383481170487857,88.6588921282799,59279.8900475083,,2.40492260511086,53.2332044159841,7.42273250452989,263.5322601234332,99.9280186217461,98.7,27.6,18.7,,98.0,98.0,7.13055653028488,5.7,19.4592222972666,16.0,73.410221100722,35.9,,11.937,8.2,3.8
106,Botswana,BWA,2630296.0,63.7428829302862,72.224,27.776,61.141,81.0,733.0,566730.0,26.7083090713391,45.63372328975,0.458772254865633,2.2634631138367,0.0,9.18448333333333,0.0096139055529918,59.2666153846154,18329.8492615705,53.3,1.75853784298423,37.4084202169565,2.74395956341177,47.65511790250838,74.6879840737883,99.8,67.4,5.2,18.6,86.0,90.0,44.9044531753364,28.3,9.38521814911902,186.0,45.7103277474811,26.4,3.64,49.324,229.0,22.9
107,Zimbabwe,ZWE,16320537.0,56.0441516109427,32.395,67.605,59.253,7008.0,10475.0,386850.0,44.9748222825385,41.8766963939511,10.3399250355435,0.530483547000938,0.0,30.7616774143556,,25.975,2607.92767806131,50.3,7.19192216568167,40.4443850801102,0.42705656262948,33.01398686105086,29.0957594045934,86.0,66.8,2.1,11.6,90.0,90.0,47.6473006196949,35.7,13.0944706390617,357.0,39.2582275747306,41.2,1.55,94.312,204.0,38.4
108,Pakistan,PAK,235824862.0,59.1607587601159,37.731,62.269,66.098,111805.0,1743785.0,770880.0,4.7796803652968,47.0929327521793,39.5781444582814,0.81036021551031,0.448811415274458,344.709090909091,52.6645426571903,157.286692887578,6351.00252324571,29.6,22.3519129233165,20.421888583866,2.63074028023171,17.115300016002738,61.5853614511118,68.0,34.0,30.8,0.2,85.0,82.0,33.1479592293348,52.8,6.99617358473283,154.0,59.8558675161075,13.0,5.53,42.269,258.0,18.5
109,Bulgaria,BGR,6465097.0,63.6262076720378,76.363,23.637,71.5146341463415,790.0,176297.0,108560.0,35.9801031687546,46.4867096536478,32.244615880619,4.92328037940501,1.33967587036816,24.1714285714286,1.85022903804023,131.05988886367,33845.5763515178,40.5,3.86128987522098,25.4501141822116,1.50812345474607,98.24646960383654,71.0459225220269,99.8,70.1,7.4,0.1,91.0,91.0,2.21400417234221,5.3,2.47491821960442,7.0,95.3110776571572,9.2,112.71,38.605,16.0,2.5
110,Thailand,THA,71697030.0,69.2679087911167,52.889,47.111,78.715,201.0,94472.0,510890.0,38.8283192076572,45.9981600735971,33.568870011157,3.71425580600412,17.4710387027151,25.5253663533918,,139.361312536443,20679.1194757004,35.1,8.81462405001291,34.9962429986559,1.15764084576469,76.37802646515227,79.83902265055,99.1,73.0,9.7,1.0,97.0,96.0,13.9039699177043,7.1,9.51406469826445,29.0,76.5819668572181,32.2,13.09,32.744,155.0,5.2
111,San Marino,SMR,33660.0,66.8008496605814,97.732,2.268,,5.0,,60.0,16.6666666666667,38.3333333333333,33.0833333333333,,0.0,,,130.921914357683,67982.970511185,,0.0166253927822017,36.6355581623352,,,,,,7.4,,92.0,91.0,,1.5,,,,0.0,112.86,3.751,0.0,
112,Haiti,HTI,11584996.0,63.3809223318214,58.82,41.18,63.192,30304.0,5.0,27560.0,12.4887518142235,65.1306240928882,36.4658925979681,0.283815024249564,4.07394014873398,11.1478434689014,3.86847195357834,7.42697512437811,3306.17082412482,41.1,20.2753493118711,29.3411380294207,0.0691842245934902,15.814668538828407,22.0158940416487,41.6,34.3,8.9,1.8,51.0,65.0,24.6562332642119,45.4,10.6268315967256,350.0,64.7169351587221,18.8,5.88,52.545,154.0,45.0
113,Dominican Rep.,DOM,11228821.0,65.4874095864561,83.848,16.152,72.615,724.0,546.0,47531.0,45.2797121878353,51.1034903536639,18.4511161136942,2.08018172191441,1.84398033192546,30.3702127659574,12.2716961712639,162.194754846066,22841.0897955951,38.5,5.78799123566876,33.0696648664408,0.717637598102462,29.471907239123464,86.5635959798664,99.2,62.8,10.5,0.9,88.0,91.0,12.5757640797339,27.3,15.48988619393,107.0,71.9343488283774,64.6,,65.629,43.0,6.3
114,Chad,TCD,17723315.0,50.4824788839582,24.063,75.937,52.525,12810.0,592764.0,1259200.0,3.33650992693774,39.9761753494282,4.20902160101652,0.0942281870969025,0.0,5.864,,2.24479245283019,1668.57552569893,37.5,22.5951024858583,49.4603920241211,2.92548684152958,,,38.8,8.1,5.8,1.1,60.0,56.0,63.4475184752633,66.0,9.56702741121068,1063.0,26.9854526457781,32.4,0.29,138.306,140.0,31.4
115,Kuwait,KWT,4268873.0,74.3539922597838,100.0,0.0,78.673,1979.0,684.0,17820.0,0.350729517396184,8.41750841750842,0.448933782267116,21.1696102506992,4.75710089918604,,,1208.14375,58349.2114120915,,0.457473273148835,45.4263566498343,4.53134521182107,357.13494166952,93.6898894512707,99.9,52.0,24.9,,96.0,99.0,7.08553117120388,7.5,13.5451957149019,7.0,79.3692717439555,15.4,,5.638,12.0,2.5
116,El Salvador,SLV,6336392.0,66.3633736675382,74.767,25.233,70.748,58637.0,104.0,20720.0,27.9623552123552,57.707528957529,34.7972972972973,1.01328024350636,0.867601174074275,2.489443378119,2.01028686125282,92.1950624133148,11098.0983942883,38.8,4.74084543804742,25.1653804766701,1.32039410209497,25.963994952593822,48.4295873408768,99.9,71.8,6.3,0.5,75.0,65.0,15.7989247028582,10.7,19.0934834826794,43.0,65.1075874676011,20.9,22.26,55.89,50.0,7.7
117,Guatemala,GTM,17357886.0,62.6927044232687,52.666,47.334,69.237,30278.0,701.0,107160.0,32.812616648003,43.0384471817842,14.501679731243,1.00040733564819,0.206295001583779,3.04404761904762,6.30632451000202,219.349613899614,10821.7554497323,48.3,9.30653254881256,22.649550528696,0.462491769474559,34.243098961696596,37.3785969634422,69.6,60.6,13.1,0.2,79.0,83.0,22.3097034591438,19.6,16.1241799000554,96.0,61.5661164563163,22.9,3.4,64.054,26.0,13.3
118,Timor-Leste,TLS,1341296.0,60.0815554508475,32.074,67.926,67.737,6.0,,14870.0,61.8493611297915,22.9589778076664,7.49831876260928,0.343155165981408,2.96618589653714,14.2665855143031,8.59904818560381,0.52932735426009,4657.38225133718,28.7,10.2298461067046,53.7540241010774,1.10708519569663,2.3728891208422533,0.0,56.7,26.0,8.6,0.2,86.0,79.0,40.0552374196527,43.1,6.86081927085795,204.0,53.083942403429,11.9,0.9,33.877,498.0,22.3
119,Brunei,BRN,449002.0,71.7734795986205,78.854,21.146,74.642,47.0,,5270.0,72.1062618595825,2.5426944971537,0.759013282732448,21.7058124398664,20.8709672386749,1.08235294117647,0.806451612903226,177.25,69297.9327104333,,1.09616028876241,67.9255854192344,2.3696474066313,338.2293662853772,99.9951884698856,99.8,,11.1,,99.0,97.0,10.3409807344221,9.6,4.98998923708015,44.0,84.6690303548102,7.5,,9.978,57.0,
120,Monaco,MCO,36469.0,51.0488359976967,100.0,0.0,,5.0,17.0,2.084,0.0,,,,7.899185738956,,,,,,,12.3191272552898,,,,,,6.2,,99.0,88.0,,1.0,,,,0.0,195.6,7.162,1.1,
121,Algeria,DZA,44903225.0,62.9689671510231,74.772,25.228,76.377,7703.0,99107.0,2381741.0,0.822227647758509,17.347004145287,3.16180474703169,3.7182233703076,1.2456681044134,87.152129456744,3.34465491648516,20.6756433750299,13226.789566754,27.6,11.5851896795816,45.9001473519979,4.77943828648395,52.86284454272743,99.9779167201605,98.8,53.6,7.1,0.1,77.0,79.0,12.9844112787695,19.2,7.66004004219541,78.0,79.3555504278759,20.9,12.13,11.714,51.0,2.5
122,Mozambique,MOZ,32969518.0,53.9105492244298,38.187,61.813,59.325,104.0,4992.0,786380.0,46.412173122409,52.6638927744856,7.18482158752766,0.222767552715213,2.79978954807574,1.46859421734796,0.106340094096383,12.2568548672566,1477.34939961028,50.5,26.7262924493763,22.7877362490111,1.5078235912053,17.719818866945154,12.6199534718635,73.0,27.1,3.3,,61.0,84.0,54.4396366039944,51.0,9.39619580490294,127.0,36.1641671601934,30.0,0.53,165.778,361.0,30.5
123,eSwatini,SWZ,1201670.0,61.3046171974763,24.576,75.424,57.066,127.0,1173.0,17200.0,28.9982558139535,69.4767441860465,10.2906976744186,0.972087527685903,0.0,40.4545454545455,3.66339869281046,57.7737853107345,10699.5423550208,54.6,8.58611563494535,33.3716409535624,1.64512139394137,15.473335067637892,0.0,88.3,66.1,4.6,27.9,97.0,83.0,42.0794029267991,41.5,12.0582584827889,240.0,45.8623399494381,33.5,0.17,69.934,325.0,11.6
124,Burundi,BDI,12889576.0,51.7465760027104,14.417,85.583,61.663,320536.0,84636.0,25680.0,10.8894080996885,81.892523364486,49.4548286604361,0.0583840218352736,0.0,2.78429423459245,,19.0743622047244,836.464567494017,38.6,27.5667146443796,10.6377881444691,2.76041457754835,,,85.1,28.5,6.5,0.9,91.0,89.0,51.1748058045556,37.6,12.0613038251609,494.0,36.7638905790271,35.5,0.4,53.621,97.0,
125,Rwanda,RWA,13776698.0,58.3371667992275,17.721,82.279,66.072,249685.0,120753.0,24670.0,11.2282124037292,81.2509120389137,51.4146736927442,0.105124140047262,0.0,6.42105263157895,0.422115895800106,23.9011825922422,2793.1850208006,43.7,24.8970465483762,21.2368617688045,1.44995636096192,,,94.2,64.1,6.5,2.3,98.0,96.0,38.1809158837927,29.7,11.4263943162598,259.0,50.3926880607269,29.4,0.75,32.444,56.0,31.6
126,Myanmar,MMR,54179306.0,68.5436409982808,31.771,68.229,65.672,1253111.0,,652670.0,43.2901466284646,19.8875388787596,16.8385248287802,0.634080348390974,6.81173845504917,3.313821300359,13.2049306625578,38.6605832575068,5019.73973180583,30.7,22.3343500768495,38.2471357653023,3.04694924417989,14.991635425750989,44.2898952399838,60.2,52.2,7.1,0.8,71.0,75.0,21.5972988139263,33.7,7.25817448066616,179.0,71.1445252140296,20.4,2.42,33.043,475.0,3.8
127,Bangladesh,BGD,171186372.0,67.9864231015235,39.711,60.289,72.381,23927.0,952384.0,130170.0,14.4687716063609,77.3450103710532,62.3031420450181,0.510647559277094,8.38183750736477,34.1619047619048,78.9034564958284,384.209617755857,7397.54573714685,31.8,11.2176010351595,33.9200804971876,1.12882010548687,9.006310672508572,73.7689379450086,59.0,62.7,14.2,0.1,98.0,97.0,22.6128372233556,22.9,7.13149266345035,123.0,70.2556717831391,15.3,2.91,75.496,221.0,11.2
128,Andorra,AND,79824.0,72.2370465023051,87.811,12.189,,5.0,,470.0,34.0425531914894,39.9068085106383,1.59063829787234,5.77714799227799,0.0,,,,,,0.495686274509804,11.921568627451,,,,100.0,,9.7,,98.0,98.0,,2.6,,,,7.6,83.11,5.887,5.8,
129,Afghanistan,AFG,41128771.0,54.4750267397973,26.616,73.384,61.982,5661675.0,52159.0,652230.0,1.85278199408184,58.7415482268525,12.0034343713107,0.223478872007068,0.0,43.0159066808059,6.50692976274372,5.20257248690765,1673.14418861155,,33.5976188725451,14.2736570191788,1.827933856217,,,61.8,22.5,10.9,0.1,69.0,68.0,32.9304513537869,43.4,17.2884637273119,620.0,49.7810848710223,15.9,0.03,82.565,185.0,30.1
130,Montenegro,MNE,617213.0,65.3546383450343,68.164,31.836,73.8243902439024,606.0,32438.0,13450.0,61.4869888475836,19.0007434944238,0.661710037174721,4.06756091201437,4.40624625277759,,,311.96404494382,27027.48297441,36.8,6.04398906282864,12.9653049670004,1.60746495179336,60.99678635596092,64.6646970020115,98.8,20.7,9.1,0.1,80.0,33.0,1.41387631975863,1.9,4.48017883696707,6.0,94.1059452107939,7.6,64.12,10.361,14.0,2.5
131,Bosnia and Herz.,BIH,3233526.0,66.7309205599521,49.841,50.159,75.3,17913.0,274.0,51200.0,42.7326171875,44.19921875,19.6875,6.31230587447531,0.0137988235253632,0.848676056338028,,62.0219246031746,19990.8134862428,33.0,4.8333137054411,24.6763985411616,0.810442240190891,86.87748013311445,77.5220449672342,99.9,46.0,9.1,,75.0,58.0,1.80974774248712,4.8,3.76658780271476,6.0,94.4236633469105,13.5,32.3,9.86,24.0,2.5
132,Uganda,UGA,47249585.0,53.5245505330893,26.159,73.841,62.705,7510.0,1463523.0,200520.0,11.4534375623379,71.8880909634949,34.4105326152005,0.127793034826946,0.0,1.63333333333333,0.0733957682969129,2.44235507246377,2693.10830508653,42.7,24.0117220529459,26.7661486334071,2.06007852417852,,,74.2,50.2,4.6,5.2,89.0,90.0,51.6605577071455,31.2,12.7585185774618,284.0,35.5809226467057,29.4,1.05,107.938,198.0,31.6
133,USNB Guantanamo Bay,-99,,,,,,,,,,,,,,,,,,,,,,,,,,,,,,,,,,,,,,,
134,Cuba,CUB,11212191.0,68.4704666554467,77.401,22.599,73.683,13529.0,174.0,103800.0,31.233140655106,61.6666666666667,28.0211946050096,2.15276967847473,2.50495003993379,18.2528856243442,,25.5737743244172,,,0.800262312763136,23.7700418806891,2.87620737245072,40.9374435235148,85.5964145599651,100.0,69.1,7.6,0.5,99.0,99.0,9.21507185480928,4.0,7.47764328278062,39.0,83.3072850613784,8.9,100.89,48.82,6.6,2.5
135,Honduras,HND,10432860.0,65.6103535181318,59.6,40.4,70.123,64976.0,165.0,111890.0,56.6476896952364,31.9599606756636,9.09822146751274,0.872911171700029,1.82227588839704,1.77255680564747,2.59142857142857,191.119548133595,6743.33006423991,48.2,12.5724857320473,26.25433343514,1.52909744390138,23.262259308822706,52.4793125284907,94.1,69.4,5.1,0.2,78.0,77.0,10.683423692717,14.2,17.885319118491,72.0,71.4312565119184,16.1,13.68,71.972,31.0,18.7
136,Ecuador,ECU,18001000.0,66.4784761957669,64.57,35.43,73.67,3200.0,60125.0,248360.0,50.0626509904977,22.024480592688,4.12304718956354,1.95757534925331,7.21542013422516,2.24136528028933,18.8665447897623,367.845888671875,12826.3613458148,45.5,8.84162305963045,31.4922538195654,2.15522186999422,35.236526813583204,86.8846603647343,97.154916093958,77.9,4.4,0.4,70.0,74.0,12.3367929690456,10.7,11.4597060711425,66.0,76.2035026213013,20.1,59.39,63.163,45.0,13.9
137,Colombia,COL,51874024.0,69.658047927803,82.05,17.95,72.83,109135.0,1607.0,1109500.0,53.1253958539883,38.5020279405137,1.79630464173051,1.55225942282078,2.34105613545381,1.35737388158508,1.45172663090531,615.311570496739,20268.6823900174,51.5,8.30463459058307,26.8757180248749,3.07910775361056,28.88978925658404,76.685692626894,98.8,80.9,8.3,0.5,87.0,88.0,10.3397734089232,11.1,14.0145081478681,75.0,75.6457144242242,15.4,22.71,59.034,47.0,6.6
138,Paraguay,PRY,6780744.0,64.8742748583341,62.818,37.182,70.262,164.0,5420.0,397300.0,39.8261432167128,42.3084319154291,11.9154291467405,1.14459119207034,0.0,2.06239316239316,,139.913046049852,15982.6044425,45.1,10.9987940241051,33.5423661006214,0.831483478747864,33.64542877846483,33.7033120450933,97.7,68.4,7.5,0.3,69.0,54.0,13.954068845618,15.6,11.1075949803312,71.0,74.9383368877686,22.0,20.53,70.347,46.0,4.2
139,Brazilian I.,BRA,215313498.0,69.8519813653299,87.555,12.445,72.75,2744.0,67522.0,8358140.0,59.2705274977447,28.6390944636007,6.96958414192631,1.94252335631484,2.23302391070074,1.18689277512807,2.91413407542935,369.467472099176,17827.6410509892,52.9,6.81318158158736,20.6976216988322,1.05342201124086,59.09985607570347,59.1075326389753,99.1,80.2,8.8,0.6,77.0,81.0,13.7086408761723,12.9,11.5536597805284,72.0,74.7376983511031,16.0,55.47,45.2,49.0,4.7
140,Portugal,PRT,10409704.0,63.9204195557044,67.381,32.619,81.0731707317073,50.0,59777.0,91605.6,36.154994891142,43.2538567511157,10.5368416341359,3.78490758691711,1.28990060760989,16.1303421052632,14.333058137529,175.800181862693,41862.7227829248,34.7,1.85478953439666,18.6208327081979,1.35438934019624,84.52758189059446,77.024122555839,98.6,73.9,9.1,0.5,99.0,98.0,8.5170034449767,2.5,4.79371579293751,12.0,86.6892779439777,8.2,86.09,7.444,16.0,2.5
141,Moldova,MDA,2538894.0,67.704803183383,43.173,56.827,68.846,4788.0,105374.0,32970.0,11.7227782832878,69.0021231422505,51.8956627236882,3.26784636811087,0.0,52.2222222222222,9.40659340659341,50.5518760958504,15719.2324862641,25.7,8.29326188486187,19.4153964403432,0.315219358256148,45.80963083019702,88.6880222394062,99.6,56.0,5.6,0.8,88.0,84.0,4.47050314530646,12.2,6.04526188221804,12.0,89.484237974785,7.3,86.12,27.795,74.0,2.5
142,Turkmenistan,TKM,6430770.0,63.7326584738174,53.494,46.506,69.264,2235.0,14.0,469930.0,8.78215904496414,72.0064690485817,4.12827442385036,10.1840862992321,0.0,1867.97153024911,,241.907216494845,15628.4577257404,40.8,11.7485402168821,37.1127718167587,2.90187475069805,187.29452842621916,,100.0,49.7,6.7,,98.0,98.0,21.9530614355745,35.8,5.74255152847739,5.0,72.3043873152797,13.5,58.81,21.769,48.0,5.7
143,Jordan,JOR,11285869.0,64.0673422696711,91.827,8.173,74.256,3406.0,3062851.0,88794.0,1.09804716534901,11.5210487195081,2.24339482397459,1.9191724264898,0.053651096121461,138.099706744868,8.75855327468231,138.895582329317,11209.897676438,33.7,4.8129448549729,23.9482807258558,4.84048780209003,37.46194704347158,97.6084466505233,99.7,51.8,15.4,,77.0,76.0,10.01022905335,12.6,10.3837060486942,41.0,79.6060658555472,17.0,24.49,25.369,3.8,
144,Nepal,NPL,30547580.0,65.0285210808843,21.451,78.549,68.45,7334.0,19560.0,143350.0,41.5907220090687,28.7478200209278,14.7450296477154,0.509366247354604,0.0,4.79167507568113,29.738245273873,97.8385201305767,4726.60650378106,32.8,21.0607486430836,12.0298226218365,1.13585458892798,16.878948607765185,15.4826794026705,77.2,46.7,8.7,0.1,90.0,90.0,24.8208329609614,22.8,8.72184539648093,174.0,66.4573216682287,16.3,2.96,63.837,229.0,5.4
145,Lesotho,LSO,2305825.0,61.824387838542,29.943,70.057,53.062,12.0,251.0,30360.0,1.13702239789196,80.1383399209486,14.1304347826087,1.02564216316934,0.0,0.837476099426386,0.0532836019714933,8.28668997668998,2646.1759238104,44.9,6.23856550416602,30.698770296808,1.46633375643663,0.37984385910515195,0.0,86.6,64.9,4.6,20.9,87.0,81.0,42.1882542295161,57.0,12.7314607776223,566.0,45.0802861409139,31.9,0.57,89.568,661.0,46.0
146,Cameroon,CMR,27914536.0,55.1207074493248,58.733,41.267,60.333,147359.0,473887.0,472710.0,42.9110448266379,20.6257536333058,13.1158638488714,0.37478265803136,2.29087878478046,0.398681318681319,,13.3853290322581,4398.04891872079,46.6,16.9798964575012,26.3070634315443,0.94915422763619,13.519600540951753,38.3178571912403,69.0,19.3,5.5,2.9,68.0,65.0,51.8162254693138,47.0,10.4575175768539,438.0,37.7262566860188,30.2,1.15,110.378,157.0,6.4
147,Gabon,GAB,2388992.0,59.8289655576566,90.735,9.265,65.821,770.0,205.0,257670.0,91.2745760080723,8.35656459812939,1.26130321729344,2.33327357514897,9.52729723911365,0.0848170731707317,,28.2503076923077,16464.9743242695,38.0,5.64220769827897,57.3566754074662,1.25778433704406,102.32212046337935,22.7865163137582,87.1,31.1,5.5,3.0,60.0,52.0,46.2702217334233,29.4,8.72346871611595,227.0,45.0063092378199,23.9,,91.176,509.0,23.0
148,Niger,NER,26207977.0,48.7505931638789,16.894,83.106,61.576,21947.0,255307.0,1266700.0,0.842567300860504,36.7845583010973,13.9733164916713,0.0903255776910309,0.0,73.8087942857143,0.572164824551991,0.586468361581921,1505.54264771219,37.3,41.9879437271377,17.5363000631042,1.66437842193306,5.908010254896592,24.0603681542742,43.6,11.0,5.2,0.2,84.0,65.0,59.1736143290551,59.5,10.4722428619647,441.0,30.3541425963808,25.5,0.41,170.462,77.0,16.1
149,Burkina Faso,BFA,22673762.0,53.7435913810862,31.877,68.123,59.27,33318.0,34375.0,273600.0,22.5380116959064,46.5643274853801,22.2953216374269,0.253533188747507,0.0,6.544,,11.9110557377049,2549.93498181033,43.0,18.4976026918218,28.7236060781699,3.09476704494336,,,79.8,35.2,2.1,0.6,91.0,88.0,54.1048280089536,51.8,11.1299696099475,264.0,34.7652014223855,31.0,0.59,110.509,44.0,16.2
150,Togo,TGO,8848699.0,56.9049222323486,43.921,56.079,61.619,7853.0,9300.0,54390.0,22.1788931788932,70.2334988049274,48.7221915793344,0.286061843654428,1.13307317742222,1.93913043478261,,2.06483396226415,2601.75000924947,42.5,18.3499899025806,20.0373801015678,5.44192262318708,17.960749747509144,17.8006330312163,69.4,23.8,2.1,1.9,82.0,71.0,48.5624412207673,43.4,10.3170844572584,399.0,41.1204738449955,28.7,0.51,77.88,32.0,17.4
151,Ghana,GHA,33475870.0,59.5077206431421,58.615,41.385,63.795,14933.0,8531.0,227533.0,35.1286771589176,55.393019913595,20.6954595597122,0.602887453142675,2.1287841350265,4.78085808580858,0.29091720602986,37.3717704771815,6473.08984567289,43.5,19.5654839730607,31.9925474803897,0.35007061763268,12.704410410486341,52.5430601292631,78.9,27.2,2.6,1.7,99.0,95.0,45.238195906874,32.6,9.37566706581807,263.0,45.3861391861051,25.7,,64.176,133.0,4.9
152,Guinea-Bissau,GNB,2105566.0,57.0667120068219,45.041,54.959,59.652,2030.0,24.0,28120.0,70.1127311522048,28.9868421052632,10.6685633001422,0.163208368967987,4.53961279050344,1.09375,,31.7166666666667,2191.16485861513,34.8,30.8632447518505,13.4801601747361,1.6147644517108,2.596930728016257,0.0,53.8,21.2,2.1,3.1,74.0,75.0,57.6206587004614,50.0,9.20610287326903,725.0,33.173239929153,32.2,,87.537,361.0,37.9
153,Gibraltar,GIB,32649.0,62.1290085454378,100.0,0.0,79.329,,,10.0,0.0,,,,56.4066671990183,,,,,,,,,239.52235070257632,99.5128172426986,,,,,,,,,,,,,,11.88,,
154,United States of America,USA,333287557.0,64.9124413446425,83.084,16.916,76.3292682926829,1306.0,363059.0,9147420.0,33.8669264120375,44.363367353855,17.2438567377468,13.0328279519898,1.98031592664397,15.7699117024308,5.78551729401439,128.740929573822,76329.5822652032,39.8,0.959566656543433,17.8846533610262,3.45491979773439,269.7988774686717,82.4278282452692,99.0,73.9,10.7,0.4,94.0,92.0,5.3020598009239,5.4,6.55296093578568,21.0,88.1449804799197,12.7,54.71,15.966,2.6,2.5
155,Canada,CAN,38929902.0,65.3885933304723,81.752,18.248,82.5966097560976,186.0,140621.0,8788700.0,39.4701279256318,6.48457678610033,4.35320354546179,13.5993749178773,1.44116830882438,1.2720350877193,1.55988617745969,126.061841658172,58347.6696097595,31.7,1.69707935336103,24.0774078769413,1.23665591258666,302.6055872859992,74.089062024806,98.0,80.0,7.7,,92.0,92.0,4.77225226729925,4.4,5.41911458940873,11.0,89.8086329490656,5.3,43.87,6.978,5.7,2.5
156,Mexico,MEX,127504125.0,67.1697669892258,81.3,18.7,70.213,17642.0,95579.0,1943950.0,33.7273678335348,49.9632192186013,10.3315414491113,3.04076637477226,1.05110878855813,21.8943765281174,6.16312830755925,109.253410177256,22298.2137128767,45.4,4.03328261009605,33.5519217213013,0.606752933062896,61.82374562094705,90.4262079109407,96.6,73.1,16.9,0.4,83.0,86.0,9.0934368360701,11.4,10.4962551679616,59.0,80.4103092072542,12.8,,54.369,28.0,2.5
157,Belize,BLZ,405272.0,67.1740618966251,46.396,53.604,70.47,65.0,145.0,22810.0,55.4971503726436,7.97895659798334,4.38404208680403,1.74110771521393,33.8562563835843,0.661861074705111,,378.1444,11189.8640824336,53.3,7.78087699619569,15.561640210652,0.861167113650318,23.75126273248244,0.0,94.6,51.4,14.5,1.1,84.0,81.0,15.935660184566,9.6,18.8455291613112,130.0,65.2188110018724,22.6,10.47,57.127,27.0,4.9
158,Panama,PAN,4408581.0,65.0969399333867,69.141,30.859,76.223,159.0,2576.0,74180.0,56.6517026152602,29.4057158263683,7.61660825020221,2.23144302481653,6.00466167962403,0.886822840409956,1.89569049142811,123.910159292035,39292.6875051924,50.9,2.61944747088137,26.169370462301,0.974136501313688,42.95792565379545,80.7126619635031,95.0,50.8,8.2,,87.0,92.0,13.3672704197102,11.9,8.77274038420363,50.0,77.859990559681,13.9,26.22,69.912,47.0,5.3
159,Venezuela,VEN,28301696.0,63.8172472741077,88.378,11.622,70.554,234376.0,29341.0,882050.0,52.3477807380534,24.3750354288306,2.94767870302137,2.54502797831961,4.06639772093372,2.81007453416149,3.16805046616262,50.8865115384615,17402.2756586571,44.8,5.02675356618482,37.2446888923877,0.649886788939365,91.38147687904626,88.3779732161285,98.7,75.0,9.6,0.5,56.0,68.0,15.5617500592489,21.1,19.3805487695367,259.0,65.0577003675068,39.0,18.13,82.715,46.0,17.9
160,Papua New Guinea,PNG,10142619.0,62.5661953074544,13.582,86.418,65.351,610.0,10524.0,452860.0,79.1022170207128,3.18199885174226,0.730910215077507,0.563251566211675,7.56072060559768,0.0489513108614232,,107.885951661631,4432.7896182552,41.9,16.9319502909592,40.3432423779954,0.332904919500801,,,56.4,36.7,16.7,0.9,36.0,44.0,30.2720267838858,34.4,7.3734407132877,192.0,62.3545333786307,12.6,2.3,55.25,432.0,23.4
161,Egypt,EGY,110990103.0,62.3052359001775,42.967,57.033,70.221,24327.0,294632.0,995450.0,0.0451855944547692,4.04942488321865,3.09106434275956,1.96112257208929,16.3449056045818,7750.0,,542.573935651609,15095.9900534616,31.9,10.9457534758116,32.7114314706066,1.06181004427704,31.038905672855076,97.9289297878435,91.5,58.5,20.9,0.1,97.0,96.0,9.62846081312771,16.2,4.76370850328626,17.0,85.6078303042361,10.1,50.08,44.767,9.8,7.2
162,Yemen,YEM,33696614.0,57.8405281314022,39.188,60.812,63.753,38627.0,77458.0,527970.0,1.03983180862549,44.4191904843078,2.19330643786579,0.308514614308256,1.58086369450412,169.761904761905,,10.6289637305699,3437.42953620876,36.7,28.7451403143326,25.4429978432165,3.96689108824503,12.146271116011622,98.4885027413083,44.7,33.5,5.4,0.1,74.0,73.0,30.145592705535,46.7,19.4927104394208,183.0,50.3616968458699,29.4,0.82,54.404,48.0,34.5
163,Mauritania,MRT,4736139.0,55.1711320128062,56.923,43.077,64.364,36916.0,100981.0,1030700.0,0.298211603764432,38.5272145144077,0.436596487823809,0.855176405836122,21.0047730040337,337.05,0.0575169982372198,15.8004444444444,6295.78099826155,32.6,22.230988777546,30.1873427635288,2.27396340852315,,,70.4,14.3,2.1,0.3,76.0,72.0,52.7128002020344,32.2,10.2224410871213,464.0,37.0647597305999,25.6,,78.013,78.0,8.7
164,Eq. Guinea,GNQ,1674908.0,58.3840425862197,74.01,25.99,60.594,200.0,40000.0,28050.0,86.9896613190731,3.74046345811052,1.88948306595365,2.72573085162172,5.66273195374869,0.0761538461538462,,18.3947169811321,17620.7409736268,,2.70702036031907,51.8389321438838,1.09726208496911,73.51243447082342,0.0,68.3,12.6,5.5,6.9,53.0,53.0,59.5093933289138,57.2,7.70971711464802,212.0,32.7808875315218,27.2,,139.706,275.0,
165,Gambia,GMB,2705992.0,54.5179549680856,63.852,36.148,62.083,10661.0,3685.0,10120.0,23.4123814229249,62.6482213438735,43.4782608695652,0.237529598930845,4.31012111116809,3.38666666666667,,2.23638636363636,2496.49543510611,38.8,22.5502664190725,17.2616384800451,0.693939998753325,2.988214516203055,0.0,83.8,18.9,1.9,1.7,79.0,74.0,52.173129196563,34.0,10.730154367917,458.0,37.0967169269006,29.6,1.82,63.188,145.0,19.6
166,Hong Kong,HKG,7346100.0,67.486755336089,100.0,0.0,85.4926829268293,177.0,285.0,1050.0,,3.80952380952381,1.9047619047619,,7.28685820893967,,,488.055,69072.310480745,,0.0523057466059816,6.30234566788477,,78.13560710906684,93.1728816200634,100.0,66.7,7.8,,,,,,,,,,27.84,1.584,49.0,2.5
167,Vatican,VAT,,,,,,,,,,,,,,,,,,,,,,,,,,,,,,,,,,,,,,,
168,N. Cyprus,-99,,,,,,,,,,,,,,,,,,,,,,,,,,,,,,,,,,,,,,,
169,Cyprus U.N. Buffer Zone,-99,,,,,,,,,,,,,,,,,,,,,,,,,,,,,,,,,,,,,,,
170,Siachen Glacier,-99,,,,,,,,,,,,,,,,,,,,,,,,,,,,,,,,,,,,,,,
171,Baikonur,KAZ,19621972.0,62.2910673565385,57.99,42.01,70.23,3660.0,308.0,2699700.0,1.29048383153684,79.1924658295366,10.9899988887654,11.2977433059429,0.0,38.2051282051282,0.854085602202849,4.44561286430264,30820.0857848623,27.8,5.24714480730074,34.9793974237581,0.509364389357752,175.84674507419348,99.1739073129022,99.9,53.0,6.6,0.3,99.0,99.0,5.12469470440264,9.1,8.19985364765381,13.0,86.6754521201012,12.7,73.15,21.877,78.0,2.5
172,Akrotiri,-99,,,,,,,,,,,,,,,,,,,,,,,,,,,,,,,,,,,,,,,
173,Southern Patagonian Ice Field,-99,,,,,,,,,,,,,,,,,,,,,,,,,,,,,,,,,,,,,,,
174,Bir Tawil,-99,,,,,,,,,,,,,,,,,,,,,,,,,,,,,,,,,,,,,,,
175,Australia,AUS,26005540.0,64.9178689865597,86.488,13.512,83.3,31.0,54430.0,7692020.0,17.4213145571644,47.2592374954823,4.0646020161154,14.7761369066259,3.6013357263928,1.75609756097561,0.535047686640863,82.6199379497841,63216.149216392,34.3,2.67552880760117,27.4829945384514,1.89882434777792,217.44977177027474,89.6256301102374,98.8,66.9,6.4,0.1,94.0,96.0,4.94105432186094,3.2,5.94459221316378,3.0,89.1143536670652,4.9,45.11,8.096,5.6,2.5
176,Greenland,GRL,56661.0,69.1274395211277,87.727,12.273,71.1475609756098,,,410450.0,0.0005359970763795,0.592301132902911,,,59.8627167311208,,,,,,17.4863226814917,16.0613255078918,,,,,,3.3,,,,,,,,,,,36.319,118.0,
177,Fiji,FJI,929766.0,65.4928229253382,58.229,41.771,67.114,336.0,5.0,18270.0,62.7640941434045,17.0552818828681,4.20361247947455,1.11709628844161,18.2646769725551,0.297373029772329,,76.1705729166667,14632.2100618181,30.7,12.6434118414823,15.1644999925107,1.39581319775425,23.32927486504207,0.0,99.8,40.9,17.7,0.2,99.0,99.0,9.350539618217,23.3,5.94428024132822,38.0,84.7051796587893,13.5,5.43,26.843,66.0,6.6
178,New Zealand,NZL,5124100.0,64.98732905604,86.884,13.116,82.2073170731707,48.0,1791.0,263310.0,37.6306509437545,38.6426645398959,2.33944779917208,6.16079918274331,3.28780797652116,3.01987767584098,6.29722921914358,1445.04602272727,52149.2368958824,,5.65200811482786,19.7083543068076,1.1788672845172,175.72285361912606,59.7491685361223,96.4,74.3,6.2,0.1,89.0,90.0,4.35473043131918,3.9,6.04337155251318,7.0,89.6018985474786,9.6,43.0,12.63,5.9,2.5
179,New Caledonia,NCL,269220.0,66.7676034357589,72.325,27.675,79.1273414634146,,,18280.0,45.8380743982495,10.0672866520788,0.326586433260394,,10.8664539818011,,,248.91122278057,,,1.78613861386139,22.3267326732673,,,,,,23.4,,,,,,,,,,,21.829,11.0,4.8
180,Madagascar,MDG,29611714.0,57.5810893621355,39.882,60.118,64.485,494.0,119.0,581800.0,21.3416925060158,70.2904778274321,5.15641113784806,0.0972695405949093,4.29460833953867,3.9933234421365,2.17641161078913,3.33934,1774.65630399746,42.6,21.8882964957805,21.7400570501239,0.651003969501107,,,45.8,49.7,4.6,0.4,57.0,44.0,45.459444882299,45.3,9.51518973411725,392.0,45.0253641794136,29.2,0.78,119.429,233.0,51.0
181,Philippines,PHL,115559009.0,64.2270833250223,47.977,52.023,69.266,575.0,856.0,298170.0,24.226045544488,42.5361371029949,18.7476942683704,1.18967945167284,10.5243953512241,17.9263354989562,9.26590538336052,232.025264758497,10136.5527084588,40.7,9.54934989444492,29.2262372166095,0.996295469741129,18.6566038068259,62.4348962921868,84.4,54.3,7.1,0.2,72.0,69.0,24.281664665108,20.5,5.96919013955976,78.0,69.7491443602475,12.0,9.56,48.202,638.0,5.2
182,Sri Lanka,LKA,22181000.0,65.6453789259259,19.026,80.974,76.399,148082.0,504.0,61860.0,34.1070158422244,45.4574846427417,22.1791141286777,0.99668324284867,3.83269502133841,24.5189393939394,,153.938228862974,14410.1880225641,37.7,8.7492503434899,30.2676616423426,1.43043206686897,19.997436990220624,50.545573977658,99.5,64.6,11.3,0.1,98.0,99.0,9.47024212360678,5.8,8.0110528250866,29.0,82.5187048538365,19.7,2.78,15.65,62.0,5.3
183,CuraÃ§ao,CUW,149996.0,67.8976373627811,89.025,10.975,78.0170731707317,35.0,68.0,444.0,0.157657657657658,,,,1.68014514768167,,,,27302.217641031,,0.266174394247715,11.1890586123849,,501.64456894085663,99.9999337203842,,,11.7,,,,,,,,,,,23.142,3.0,
184,Aruba,ABW,106445.0,67.6170792428014,44.052,55.948,74.626,,,180.0,2.33333333333333,11.1111111111111,11.1111111111111,,4.99749731654337,,,3.855,48750.3160050803,,0.0275726826443453,11.3720370882194,,,,96.0,,4.3,,,,,,,,,,,14.154,5.4,
185,Bahamas,BHS,409984.0,72.0461042382142,83.492,16.508,71.598,781.0,10.0,10010.0,50.9350649350649,1.2987012987013,0.799200799200799,6.04225147673512,12.8571394251619,,,102.32375,40942.7767235251,,0.57220835207096,8.24197125001938,,78.60399646597665,0.0,99.0,61.7,8.8,1.3,87.0,80.0,10.7101925570542,11.4,13.8557689084434,77.0,75.4340380076986,7.7,,25.686,13.0,
186,Turks and Caicos Is.,TCA,45703.0,72.9817843662819,94.047,5.953,74.587,19.0,7.0,950.0,11.0736842105263,1.05263157894737,1.05263157894737,,20.763636573626,,,,24471.5178671209,,0.389364719013869,14.7947107540344,,,,100.0,34.4,,,,,,3.8,,,,,,17.148,0.14,
187,Taiwan,TWN,,,,,,,,,,,,,,,,,,,,,,,,,,,,,,,,,,,,,,,
188,Japan,JPN,125124989.0,58.4527111578275,91.955,8.045,84.4456097560976,64.0,17406.0,364500.0,68.4087791495199,12.7818930041152,11.2098765432099,8.0314958696668,12.4425842555292,18.2325581395349,32.299794661191,216.960352422907,45583.8469685282,32.9,0.950909508239571,28.7958064674079,1.07773443701688,135.9525792862177,93.0264551074629,99.9,39.8,6.6,,99.0,98.0,10.2966193961317,1.7,4.91285957647839,4.0,84.7905248056048,3.6,37.36,2.903,9.5,3.2
189,St. Pierre and Miquelon,SPM,,,,,,,,,,,,,,,,,,,,,,,,,,,,,,,,,,,,,,,
190,Iceland,ISL,382003.0,66.1886545534509,93.992,6.008,83.1170731707317,5.0,5240.0,100830.0,0.515752256272935,18.565903005058,1.20003967073292,3.94746536485266,11.3135349757772,0.170588235294118,0.0026709401709401,139.867768595041,69615.5049380109,26.1,4.25937125498495,20.8077527310274,,693.0905455919459,11.288868750735,97.4,,5.5,0.1,92.0,91.0,4.96802300638093,2.1,5.56091161354251,3.0,89.4710659502945,2.0,101.57,5.395,4.9,2.5
191,Pitcairn Is.,PCN,,,,,,,,,,,,,,,,,,,,,,,,,,,,,,,,,,,,,,,
192,Fr. Polynesia,PYF,306279.0,68.6633755497439,62.17,37.83,79.486,,,3471.0,43.0596369922213,13.9729184673005,0.720253529242293,,14.552412149152,,,266.364,,,2.25047826168236,10.6834624276376,,,,99.0,,25.2,,,,,,,,,,32.62,33.055,21.0,5.1
193,Fr. S. Antarctic Lands,ATF,,,,,,,,,,,,,,,,,,,,,,,,,,,,,,,,,,,,,,,
194,Seychelles,SYC,119878.0,68.7458282182816,58.396,41.604,73.3975609756097,9.0,,460.0,73.2608695652174,3.3695652173913,0.326086956521739,6.08051837257013,28.4831756677336,,5.0,542.466666666667,29771.7466102443,32.1,2.86709902549377,13.4574098813545,1.38078631653398,95.59659191137574,0.0,99.5,,8.5,,97.0,98.0,13.4850864126618,12.0,7.53426106067687,3.0,78.9806538080804,11.3,48.57,53.444,17.0,4.3
195,Kiribati,KIR,131232.0,60.1113299779397,57.058,42.942,67.417,5.0,,810.0,1.45679012345679,41.9753086419753,2.46913580246914,0.449933972782553,33.5281166700452,,,0.0,2365.50992341051,27.8,23.0932819471024,11.5642656608879,,4.276387772309273,0.0,91.9,33.6,22.1,,91.0,85.0,21.6167598805556,38.3,5.56978611559355,76.0,72.8134553298564,1.9,8.2,40.477,431.0,12.1
196,Marshall Is.,MHL,41569.0,62.994058072121,78.52,21.48,65.269,7.0,,180.0,52.2222222222222,38.8888888888889,2.77777777777778,2.53380323866123,67.9731196801868,,,2.0,7092.027363937,35.5,20.6281166261495,10.3168641537224,,23.48155002035605,0.0,92.4,44.6,23.0,,86.0,81.0,,24.8,,,,5.7,15.92,58.035,483.0,
197,Trinidad and Tobago,TTO,1531044.0,69.4385760831903,53.34,46.66,72.971,289.0,3424.0,5130.0,44.3996101364522,10.5263157894737,4.87329434697856,10.1571191722541,4.01763777597218,8.75520833333333,9.25925925925926,354.4548,27515.526422483,40.3,1.07695844326054,48.9413062694366,0.716467302343877,534.8808141343856,99.9195064232607,100.0,40.3,12.7,1.0,93.0,92.0,6.97721770742153,14.6,10.3633819137224,27.0,82.6593998696751,9.3,30.9,38.132,18.0,12.2
198,Grenada,GRD,125438.0,65.9683109118087,36.868,63.132,74.936,51.0,5.0,340.0,52.0588235294118,23.5294117647059,8.82352941176471,2.62406702085507,5.85477777203569,7.05,2.22222222222222,64.63,17082.892672685,,4.14929196327316,16.301878200301,,28.748203177444626,0.0,100.0,54.3,12.6,,77.0,76.0,11.3394877661653,14.4,5.85597642799092,21.0,82.8045358893799,8.0,12.56,32.72,3.1,
199,St. Vin. and Gren.,VCT,103948.0,67.2209528848698,53.875,46.125,69.629,136.0,,390.0,73.1794871794872,17.9487179487179,5.12820512820513,2.100695771848,5.10753350952373,7.9,,301.68,17212.4297036525,,4.66750744794249,14.7139326307734,,25.046109146033345,0.0,98.6,58.3,8.0,,92.0,96.0,13.1084180064473,12.6,7.79248031433544,62.0,79.0991011982907,7.4,23.59,47.871,11.0,3.1
200,Barbados,BRB,281635.0,66.7986933442221,31.324,68.676,77.571,231.0,,430.0,14.6511627906977,23.2558139534884,16.2790697674419,3.90487115816925,2.20666381805887,87.5,,37.1985714285714,18210.1343005115,,1.45439872279581,12.4790568338319,,58.57876025994302,0.0,98.4,59.2,14.0,0.9,86.0,85.0,12.9005007432283,11.1,4.30922726355312,39.0,82.790270878622,8.2,17.2,42.297,0.88,2.5
201,Saint Lucia,LCA,179857.0,72.7295219826807,19.05,80.95,71.111,94.0,5.0,610.0,34.0491803278688,16.2950819672131,4.37704918032787,2.78513922906543,3.17776267992752,14.3,,199.76404494382,17835.6975441173,51.2,1.44326801517067,9.23846396965866,,30.298738046060713,0.0,100.0,55.5,11.7,,81.0,81.0,7.9406531999336,22.4,9.96256171925254,73.0,82.096785253246,29.8,23.56,36.918,1.3,
202,Dominica,DMA,72737.0,70.8472246090394,71.7,28.3,72.814,57.0,,750.0,63.8266666666667,33.3333333333333,8.0,2.26126814362109,12.8568467497055,10.0,,73.09,13540.2246149243,,15.8186440987995,12.0389734709681,,24.79213376953834,0.0,100.0,49.8,11.7,,92.0,83.0,,32.0,,,,10.9,11.25,38.49,16.0,6.7
203,U.S. Minor Outlying Is.,UMI,,,,,,,,,,,,,,,,,,,,,,,,,,,,,,,,,,,,,,,
204,Montserrat,MSR,,,,,,,,,,,,,,,,,,,,,,,,,,,,,,,,,,,,,,,
205,Antigua and Barb.,ATG,93763.0,70.8344442903917,24.346,75.654,78.497,58.0,5.0,440.0,18.3029545454545,20.4545454545455,9.09090909090909,5.12173012173012,12.1917757079868,8.46153846153846,,8.3325,26365.468976483,,1.95443873342217,19.4735944539628,,70.5879096761607,0.0,99.0,52.6,11.7,,99.0,99.0,9.83439461391756,5.2,5.37279775035651,21.0,84.7928092808798,0.0,14.04,33.11,1.2,
206,St. Kitts and Nevis,KNA,47657.0,70.3750721292556,30.991,69.009,71.682,22.0,5.0,260.0,42.3076923076923,23.0769230769231,19.2307692307692,4.84866294446077,7.44796014369895,50.8333333333333,,5.196,33981.8395952354,,1.22160537700093,21.7541644498395,,70.00316920131873,0.0,100.0,40.6,16.1,,96.0,95.0,,12.3,,,,,33.48,38.154,1.6,
207,U.S. Virgin Is.,VIR,105413.0,60.4031568893581,96.136,3.864,80.0682926829268,,,350.0,57.3142857142857,9.42857142857143,2.57142857142857,,4.65496559084809,,,63.5444444444444,,,,,,,,98.5,,12.4,,,,,,,,,,,31.244,,
208,St-BarthÃ©lemy,BLM,,,,,,,,,,,,,,,,,,,,,,,,,,,,,,,,,,,,,,,
209,Puerto Rico,PRI,3221789.0,63.6331338605531,93.61,6.39,80.162,12.0,,8870.0,56.011273957159,19.0417136414882,5.65952649379932,,8.05715862970199,12.3239436619718,10.6707317073171,67.5249003984064,40510.9924296149,,0.661260918166206,46.231844195961,,,,99.8,77.7,13.3,,,,,,,34.0,,,,18.926,0.74,
210,Anguilla,AIA,,,,,,,,,,,,,,,,,,,,,,,,,,,,,,,,,,,,,,,
211,British Virgin Is.,VGB,31305.0,75.5658132217413,49.331,50.669,74.494,,,150.0,24.1333333333333,46.6666666666667,6.66666666666667,,12.7317122495667,,,,,,,,,,,100.0,,8.7,,,,,9.9,,,,,,14.482,3.8,
212,Jamaica,JAM,2827377.0,72.7113504849194,57.008,42.992,70.5,1868.0,31.0,10830.0,55.4730655586334,38.5041551246537,11.0803324099723,2.06904180772051,9.15485047135585,12.4734362006837,7.28696890576786,65.2854166666667,11938.9009664569,45.5,8.09936510175336,19.9220815361069,1.31337260079363,39.99559549017564,80.9713448083227,99.7,72.5,11.1,1.3,98.0,91.0,8.97365890799868,10.7,11.729280289459,99.0,79.297063590575,15.1,11.2,32.764,3.2,8.3
213,Cayman Is.,CYM,68706.0,75.0740479292051,100.0,0.0,82.190243902439,5.0,47.0,240.0,52.75,11.25,0.833333333333333,,17.6167014674732,,,181.95,84279.6199785314,,0.447035800546,8.53315171147844,,,,100.0,,13.0,,,,,,,,,,156.75,11.74,10.0,
214,Bermuda,BMU,63532.0,64.8853296771781,100.0,0.0,79.28,,,54.0,18.5185185185185,5.55555555555556,5.55555555555556,,7.22995540717487,,,239.466666666667,95868.7802623325,,0.297045122909417,5.41185879447749,,,,,,13.0,,,,,,,,,,,7.542,1.8,
215,Heard I. and McDonald Is.,HMD,,,,,,,,,,,,,,,,,,,,,,,,,,,,,,,,,,,,,,,
216,Saint Helena,SHN,,,,,,,,,,,,,,,,,,,,,,,,,,,,,,,,,,,,,,,
217,Mauritius,MUS,1262523.0,70.8996136114059,40.81,59.19,73.680243902439,208.0,10.0,1997.0,19.4341512268403,43.064596895343,37.5563345017526,2.93851410805884,1.70500875904665,22.0647037440931,17.7906976744186,186.504266666667,26979.0532195774,36.8,3.55175831263514,18.2111513325211,0.166673188359335,44.06164866540658,84.5423603034044,99.8,63.8,22.6,1.4,95.0,98.0,7.26439921820429,15.3,4.35411519799515,84.0,88.3814838404028,12.2,17.58,24.564,12.0,6.8
218,Comoros,COM,836774.0,57.6865185142694,29.864,70.136,63.417,1900.0,12.0,1861.0,17.4529822675981,71.4669532509404,34.9274583557227,0.407112182850678,3.21938427188237,0.833333333333333,,1.92184615384615,3833.73856298857,45.3,36.4121960127207,9.08023962251132,,2.6353957454948063,0.0,82.2,19.4,11.7,0.1,88.0,86.0,44.0713381221766,39.3,11.2467830416715,217.0,44.6818800906545,26.6,,58.173,35.0,13.5
219,SÃ£o TomÃ© and Principe,STP,227380.0,56.7691898346157,75.755,24.245,67.591,11.0,,960.0,53.4166666666667,43.75,4.16666666666667,0.645350140184137,2.0292893287363,1.87614678899083,,46.625,4061.80808115283,40.7,13.8747455414649,4.3602414481562,,10.272495510612615,0.0,96.8,49.7,5.5,0.5,97.0,77.0,30.9546637024882,12.1,11.4148873749694,146.0,57.630449772173,27.9,,79.418,113.0,13.1
220,Cabo Verde,CPV,593149.0,68.2700567057715,67.545,32.455,74.052,20.0,5.0,4030.0,11.4193548387097,19.6029776674938,12.4069478908189,1.06515172319099,6.45170487085518,8.43333333333333,,5.373,8715.99568369362,42.4,4.82104924460551,14.0358130380653,0.548076281842058,8.09191988635577,0.0,97.3,55.8,2.1,0.6,93.0,95.0,15.8291786031253,11.7,14.0503672882585,42.0,70.1204552332968,26.8,16.04,55.228,31.0,18.2
221,Malta,MLT,531113.0,67.7227603949851,94.875,5.125,82.8609756097561,7.0,11098.0,320.0,1.4375,27.34375,24.375,3.12555789277592,2.3770445499738,81.8599396039604,44.4685714285714,148.658974358974,55865.8463715919,31.4,0.938603562288848,12.5178964717839,0.499206864990125,70.64199497190245,97.7884616626645,99.89,85.8,8.0,,98.0,96.0,7.00213354268577,5.1,3.25265750939782,3.0,89.7452088059069,4.1,113.46,11.484,13.0,4.6
222,Jersey,JEY,,,,,,,,,,,,,,,,,,,,,,,,,,,,,,,,,,,,,,,
223,Guernsey,GGY,,,,,,,,,,,,,,,,,,,,,,,,,,,,,,,,,,,,,,,
224,Isle of Man,IMN,84519.0,63.0422565206846,53.271,46.729,80.525,,,570.0,6.07017543859649,68.7719298245614,40.7017543859649,,5.99191284735536,,,,,,0.372633924187371,8.88444589020917,,,,81.4306770819,,6.3,,,,,,,,,,52.4,17.886,,
225,Ãland,ALA,,,,,,,,,,,,,,,,,,,,,,,,,,,,,,,,,,,,,,,
226,Faeroe Is.,FRO,53090.0,61.3708925493742,42.779,57.221,83.4975609756098,,,1370.0,0.0583941605839416,70.1240875912409,0.0510948905109489,,2.67390517589443,,,22491.7142857143,,,18.6747634357749,18.0762489915469,,,,,,3.8,,,,,,,,,,,9.86,,
227,Indian Ocean Ter.,AUS,26005540.0,64.9178689865597,86.488,13.512,83.3,31.0,54430.0,7692020.0,17.4213145571644,47.2592374954823,4.0646020161154,14.7761369066259,3.6013357263928,1.75609756097561,0.535047686640863,82.6199379497841,63216.149216392,34.3,2.67552880760117,27.4829945384514,1.89882434777792,217.44977177027474,89.6256301102374,98.8,66.9,6.4,0.1,94.0,96.0,4.94105432186094,3.2,5.94459221316378,3.0,89.1143536670652,4.9,45.11,8.096,5.6,2.5
228,Br. Indian Ocean Ter.,IOT,,,,,,,,,,,,,,,,,,,,,,,,,,,,,,,,,,,,,,,
229,Singapore,SGP,5637022.0,73.043156449671,100.0,0.0,83.4414634146342,33.0,5.0,718.0,21.4345403899721,0.919220055710306,0.779944289693593,7.68668370206727,0.663277632041967,83.1166666666667,,140.892857142857,127606.814763458,,0.0281098874392467,24.1569597688307,2.77056626777816,203.09490661100995,90.5788735805032,99.6,62.0,11.6,0.2,97.0,96.0,20.7052204629064,1.7,4.27353050170409,7.0,75.0212481147359,2.1,31.45,2.623,51.0,
230,Norfolk Island,NFK,,,,,,,,,,,,,,,,,,,,,,,,,,,,,,,,,,,,,,,
231,Cook Is.,COK,,,,,,,,,,,,,,,,,,,,,,,,,,,,,,,,,,,,,,,
232,Tonga,TON,106858.0,59.5288117352549,23.125,76.875,70.986,30.0,,720.0,12.4305555555556,48.6111111111111,27.7777777777778,1.12204761814278,17.4969274192684,,,11.3485,6778.50356937661,33.5,16.3232484642545,15.9227290333083,,21.567114912132638,0.0,98.3,29.3,15.0,,99.0,99.0,11.082843800717,9.6,9.51607637745389,126.0,79.4010784668366,33.0,14.0,18.965,2.2,
233,Wallis and Futuna Is.,WLF,,,,,,,,,,,,,,,,,,,,,,,,,,,,,,,,,,,,,,,
234,Samoa,WSM,222382.0,57.2116897950374,17.616,82.384,72.767,8.0,5.0,2780.0,57.9820143884892,17.773381294964,4.06115107913669,0.960782397908146,8.80347809135576,,,3.84322409211692,6089.55885236503,38.7,9.9926500837864,11.4247607937656,,12.074223794873955,0.0,88.9,16.6,9.2,,76.0,82.0,10.3658660641934,14.4,7.88275737702493,59.0,81.751376205632,13.0,1.6,43.589,4.7,4.6
235,Solomon Is.,SLB,724273.0,57.4241048776531,25.584,74.416,70.348,44.0,5.0,27990.0,90.1121829224723,4.28724544480171,0.821722043586995,0.323065549175264,17.8637860466646,,,10.3408695652174,2654.97032846244,37.1,34.1198383133867,17.2449869224063,,5.029124943769461,0.0,86.2,29.3,19.8,,89.0,90.0,23.3994420494799,16.1,9.76886012120253,122.0,66.8316987763344,16.5,2.5,60.251,59.0,19.0
236,Tuvalu,TUV,11312.0,61.8750828802546,65.527,34.473,64.547,5.0,,30.0,33.3333333333333,60.0,,0.596259824735748,39.2678754952485,,,,5423.04866832283,39.1,15.9163265306122,7.01551020408163,,,,99.5,23.7,20.3,,91.0,90.0,,18.1,,,,,26.07,33.085,296.0,
237,Maldives,MDV,523787.0,73.5375257499709,41.536,58.464,79.918,82.0,,300.0,2.73333333333333,19.6666666666667,13.0,2.82638529813116,49.170829688905,15.6666666666667,,110.084615384615,25124.6094529944,29.3,4.92355284811846,10.2655569369393,,36.46662217109675,0.0,99.5,18.8,9.2,,99.0,98.0,8.15932122841673,5.1,6.66248674447325,57.0,85.1781921618113,1.6,4.83,7.291,39.0,
238,Nauru,NRU,12668.0,58.7661825071045,100.0,0.0,63.617,5.0,45.0,20.0,0.0,20.0,,3.36175395858709,16.5568128235512,,,,13021.398870157,32.4,,,,,,97.4,35.6,23.4,,98.0,98.0,,23.2,,,,,30.0,72.479,172.0,
239,Micronesia,FSM,114164.0,63.5344767177044,23.217,76.783,70.71,,5.0,700.0,92.0714285714286,7.14285714285714,2.85714285714286,0.958913885073056,23.2202307154668,,,0.465,3854.87700100021,40.1,22.4685300413412,4.85473161892236,,,,100.0,,15.6,,69.0,69.0,12.7066300942558,21.0,7.80877881508904,74.0,79.4845909465401,0.2,7.0,35.835,53.0,
240,S. Geo. and the Is.,SGS,,,,,,,,,,,,,,,,,,,,,,,,,,,,,,,,,,,,,,,
241,Falkland Is.,FLK,,,,,,,,,,,,,,,,,,,,,,,,,,,,,,,,,,,,,,,
242,Vanuatu,VUT,326740.0,56.8694422638149,25.816,74.184,70.449,5.0,5.0,12190.0,36.2838392124692,15.3404429860541,1.64068908941756,0.389174968317372,10.1121351183602,,,0.012,3290.56937087758,32.3,21.2191878696463,10.0295717064264,,6.077886531345126,0.0,89.4,49.0,15.6,,68.0,70.0,16.8570486119756,19.7,9.21739293373837,94.0,73.9255570040283,14.9,3.2,64.063,30.0,9.5
243,Niue,NIU,,,,,,,,,,,,,,,,,,,,,,,,,,,,,,,,,,,,,,,
244,American Samoa,ASM,44273.0,65.5903777740132,87.196,12.804,,,,200.0,85.5,14.5,4.85,,4.62737256653892,,,38.6145833333333,,,,,,,,100.0,,20.3,,,,,,,,,,,30.036,5.3,
245,Palau,PLW,18055.0,69.0991165637376,81.956,18.044,69.1292682926829,5.0,11.0,460.0,90.195652173913,9.34782608695652,0.652173913043478,8.80258179390162,12.2852393676251,,,28.6333333333333,15572.7392991737,,3.45770881139132,11.7330105673394,,190.48031723193628,0.0,97.2,,17.0,,94.0,96.0,,15.1,,,,4.78,,42.52,45.0,
246,Guam,GUM,171774.0,62.105842252488,95.091,4.90900000000001,76.656,,,540.0,51.8518518518518,29.6296296296296,1.85185185185185,,2.38697297670755,,,,,,,,,,,99.4,,19.1,,,,,,,,,,,35.305,39.0,
247,N. Mariana Is.,MNP,49551.0,67.9925733083086,91.983,8.017,,,,460.0,52.9565217391304,1.17391304347826,0.173913043478261,,6.28043795872844,,,0.125,,,,,,,,99.6,,23.4,,,,,,,,,,,33.302,53.0,
248,Bahrain,BHR,1472233.0,76.0576960304517,89.743,10.257,78.76,302.0,255.0,790.0,0.911392405063291,10.253164556962,2.65822784810127,21.9769078065259,32.9847026314836,3877.5,40.8580183861083,1395.89047619048,61248.1801285972,,0.257661138582417,47.8950163349736,3.17213705490747,428.17796522552345,99.3658471741274,99.6,53.4,11.3,0.1,97.0,99.0,5.00867408980183,5.9,8.89231702659159,16.0,86.0990092950325,5.2,14.36,8.676,15.0,
249,Coral Sea Is.,AUS,26005540.0,64.9178689865597,86.488,13.512,83.3,31.0,54430.0,7692020.0,17.4213145571644,47.2592374954823,4.0646020161154,14.7761369066259,3.6013357263928,1.75609756097561,0.535047686640863,82.6199379497841,63216.149216392,34.3,2.67552880760117,27.4829945384514,1.89882434777792,217.44977177027474,89.6256301102374,98.8,66.9,6.4,0.1,94.0,96.0,4.94105432186094,3.2,5.94459221316378,3.0,89.1143536670652,4.9,45.11,8.096,5.6,2.5
250,Spratly Is.,-99,,,,,,,,,,,,,,,,,,,,,,,,,,,,,,,,,,,,,,,
251,Clipperton I.,FRA,67971311.0,61.142578102636,81.509,18.491,82.3243902439024,65.0,612934.0,547557.0,31.6613612829349,52.1475462828527,32.793955697763,3.95368245187991,2.08138306935594,13.136039825,6.39495598372109,153.32363214335,55387.4645768527,30.7,1.9136506040714,16.8221115444251,1.93872341806871,146.39958314426244,46.4879708722364,97.6,78.4,5.3,0.3,96.0,94.0,6.36802803638816,3.4,6.35586909299778,8.0,87.2761033734964,5.1,58.63,9.529,7.2,2.5
252,Macao,MAC,695168.0,72.1860958889823,100.0,0.0,85.399,10.0,6.0,33.0,,,,,17.2292800165371,,,,61230.9624698427,,,9.62012521531051,,,,100.0,,7.8,,,,,,,,,,,2.684,49.0,8.0
253,Ashmore and Cartier Is.,AUS,26005540.0,64.9178689865597,86.488,13.512,83.3,31.0,54430.0,7692020.0,17.4213145571644,47.2592374954823,4.0646020161154,14.7761369066259,3.6013357263928,1.75609756097561,0.535047686640863,82.6199379497841,63216.149216392,34.3,2.67552880760117,27.4829945384514,1.89882434777792,217.44977177027474,89.6256301102374,98.8,66.9,6.4,0.1,94.0,96.0,4.94105432186094,3.2,5.94459221316378,3.0,89.1143536670652,4.9,45.11,8.096,5.6,2.5
254,Bajo Nuevo Bank,-99,,,,,,,,,,,,,,,,,,,,,,,,,,,,,,,,,,,,,,,
255,Serranilla Bank,-99,,,,,,,,,,,,,,,,,,,,,,,,,,,,,,,,,,,,,,,
256,Scarborough Reef,-99,,,,,,,,,,,,,,,,,,,,,,,,,,,,,,,,,,,,,,,
